_96_class,Sig_1,Sig_2,Sig_3,Sig_4,Sig_5,Sig_6,Sig_7,Sig_8,Sig_9
A[C>A]A,0.04557485214214251,0.05250779005959429,0.03142335445662889,3.776852878386751e-19,2.4088781054353854e-08,2.1687650869493453e-18,0.0003267305623724901,0.09678895550459976,0.18768655190834677
A[C>A]C,2.7653996146830042e-17,1.3235426598196708e-32,1.977330653833214e-30,1.3423643165382003e-15,6.084770106131277e-35,0.1127877625779412,1.892766345093712e-09,1.6382804427286353e-31,0.1766851858680932
A[C>A]G,1.2872883930086426e-14,2.305903331308107e-23,2.949111536309716e-27,7.655628104854723e-29,5.463307104629662e-20,1.0037586830164131e-19,7.670753487732038e-05,0.1471900386916514,0.15707642984064032
A[C>A]T,0.03365712516078304,1.4137094750197562e-14,0.006851321544418853,0.0024726980454602096,1.2760002340041475e-31,9.567000771443318e-22,4.4518373280371413e-14,2.6749616464681074e-13,0.1321050506505408
A[C>G]A,2.3578207827441073e-07,1.648184826807196e-21,0.10709689854665874,1.3602428500407465e-19,8.429246143760007e-05,4.186660199102961e-14,0.6556666614683141,1.2731976459336605e-23,0.014248375383066057
A[C>G]C,0.030808113560057717,2.3802190217317475e-07,1.8573585264200988e-34,2.6236067263161954e-54,2.6016539708973374e-12,3.657421151158559e-24,0.038845690954111854,0.01702172363887677,0.033173795854909434
A[C>G]G,0.016133990558222483,2.2511430577162896e-25,1.353972447240154e-21,9.996530976344403e-18,0.024412719047531426,2.8027056620947655e-31,0.03447465576228039,1.0504994338624648e-09,0.06509871870716047
A[C>G]T,0.06462837080808206,1.410754354433302e-17,1.1781284243306299e-05,1.4918962014319363e-11,8.318919294144857e-33,0.08616736797617568,0.021480477222192915,1.4543469519798419e-12,0.009303684337262415
A[C>T]A,0.1315401571767323,0.12967817277963933,0.36758313969430273,1.4831813616326235e-12,6.682098850581339e-10,1.3934996892691188e-09,1.2336254012452347e-05,0.0447998717128943,0.03429436369212747
A[C>T]C,0.018820657767851915,1.5565557223821645e-25,2.6835006528418777e-24,0.3625291765839187,1.700207113095514e-18,9.286628899378399e-23,0.016341916619896073,3.520125873763105e-10,0.04752280584778927
A[C>T]G,0.00025923459039598433,0.1986888151621638,1.7714481885129515e-08,0.5738734523860352,1.6424949851464183e-13,0.48169444836340736,1.0839826473039078e-05,2.8669176055280253e-12,1.2752893672332264e-11
A[C>T]T,0.12856020966551776,0.15242283265661558,1.4611819577975236e-10,2.4824152332816535e-28,1.4294392462516237e-10,1.7064435009597387e-27,2.557540391345828e-10,1.5902477532334425e-12,0.02924363390861583
A[T>A]A,0.04728135117816509,5.737031134952056e-41,9.273807860926973e-39,1.1254185087034919e-48,2.4475984012732016e-49,0.00014650265990912343,1.5469143538923991e-24,7.089653987263852e-33,0.049976940357832136
A[T>A]C,0.023326409437050152,1.312748663636336e-25,2.6091193497658755e-19,1.3005110450767502e-25,1.983482953969575e-29,0.07067200890673964,4.389708318921416e-05,1.2137602522035024e-16,0.02801408500910245
A[T>A]G,0.13066013900916087,7.661966390384374e-15,4.521646256360098e-08,4.316089835367673e-42,5.011366090731537e-12,6.137759316373671e-21,1.3742816665732286e-19,0.002542170870278394,0.017281402287276974
A[T>A]T,0.10385213159558025,5.4378014353627556e-48,6.189782738457632e-45,2.5923348723552775e-29,2.362881542495728e-53,9.812534207778436e-42,2.3001498351267897e-17,1.9343758204057533e-29,7.433360846841456e-08
A[T>C]A,0.16976432627649077,1.3911346186233847e-22,4.0374118433120986e-42,0.055904274562798104,1.0533224648380246e-24,2.9854878230533246e-16,1.5109960096367556e-19,8.3070157239991e-25,0.08033602263634256
A[T>C]C,2.9100692838943746e-10,1.0352020277836924e-55,5.7667532134647355e-08,1.7832571513751389e-53,5.532058973831049e-56,0.19769697053193508,0.0006530788951442996,1.0408840263040097e-14,2.610218620597477e-12
A[T>C]G,0.1777774238760175,2.500641404267941e-25,5.202953771164396e-39,7.712884193223606e-47,0.0589446094035059,2.7503035852486297e-29,6.1793176111031874e-21,7.82637277784207e-19,0.03543339636473583
A[T>C]T,0.3089368255620121,1.111549300872222e-25,2.49192658757734e-31,4.543041385789647e-18,9.735393453640862e-29,3.4978819741704964e-42,1.1110089143991121e-15,7.104879855344425e-46,5.369157407689288e-16
A[T>G]A,0.0030343696459472894,0.024520645596025948,0.002169077834090556,2.2050674217375272e-38,7.932309293851495e-25,2.4824638566020896e-29,3.213646746856815e-11,3.287499989295159e-36,0.04339893838285715
A[T>G]C,7.935375609683182e-06,7.075820114079697e-72,5.925470093981052e-20,1.8862193078743817e-36,2.4753697348952506e-56,8.896485888605138e-63,4.789238777004526e-07,0.042461869286575644,0.007065188030943671
A[T>G]G,0.02166102275753864,5.141390557964509e-37,2.993591954880291e-07,4.687837652620655e-62,0.009993338895055928,0.0013100544050808237,3.217588202001361e-23,5.574316047776621e-44,0.05536728877341507
A[T>G]T,0.026855946815173764,2.9225439179634014e-18,0.002225346103921588,5.5911819906686274e-14,6.949986322671757e-23,0.01536130940208222,9.193351664194765e-05,0.01219337527499311,1.5528949580985785e-06
C[C>A]A,0.000536742860583766,0.11875731932575927,2.8724169654065117e-10,4.9241186278812675e-20,5.542885297769609e-23,1.2181456545185937e-09,0.05705002897090417,2.270791251900273e-14,0.19512769229590754
C[C>A]C,5.3386383504693115e-17,9.392739386459029e-18,1.0393004064751435e-10,1.3853688715616774e-41,1.5976341704940765e-12,1.6098096096640766e-06,0.004535367218105452,3.7880311442865176e-44,0.29938261339735606
C[C>A]G,7.178347515735202e-07,4.464720965422216e-26,2.2293565395580856e-06,1.4611240775911023e-36,1.634563012673398e-34,8.306463593322329e-40,1.047724390604454e-16,0.059022624460143266,0.2211898645814453
C[C>A]T,2.5259628093477765e-12,1.7024616229603593e-07,1.829456423330967e-06,1.4219225889879104e-18,1.255418622164703e-14,4.621732351799863e-34,1.9480867300137837e-10,0.03884411181923912,0.2571912867662465
C[C>G]A,0.012948023876651924,2.874726552177502e-28,5.4543009287907455e-05,0.0003030778642668839,8.75392016845247e-15,1.5460965690979087e-12,0.11034632146371184,0.0008676612113813597,0.04306039274646918
C[C>G]C,2.3866671650923725e-40,5.028501049118896e-13,1.3361996649812533e-27,1.9133123591966217e-58,2.8012791605123834e-09,0.010812424680533785,7.393676498065833e-09,8.059581899527291e-48,0.1001818196115431
C[C>G]G,1.386275994927811e-27,3.4738203056652044e-05,7.541863250990622e-12,0.004051347377647932,0.036417224750071926,3.1148149640376737e-29,0.018930010286769976,1.2685328318064891e-23,0.0855275760976126
C[C>G]T,0.03393251302827629,0.023833682500759498,8.772815564919074e-12,2.0394332278524968e-43,0.013162307972661864,1.4832377819156957e-22,0.01702795303867555,8.130077338631789e-30,0.05654754873193205
C[C>T]A,6.551377391879916e-08,2.0033593286681345e-12,0.2277626991339729,0.360872419247159,0.6711952912778117,1.0100407873382652e-24,0.009063319914990597,1.28128498837368e-11,3.9813295674893454e-09
C[C>T]C,0.02282354423615006,0.08980190884858814,0.041391510138768475,0.3226109727053906,0.0002644462705946734,0.03650543177149921,6.356370855433192e-06,0.6715338190142291,2.295532936129491e-17
C[C>T]G,2.3274150309872068e-09,1.825031684711401,0.10045796822924528,7.814022062177175e-12,4.7696263211277717e-05,1.5799062446634345e-16,7.1559485251489945e-09,5.007903179563205e-09,9.66137630701982e-09
C[C>T]T,0.3158952848098373,0.0012127097184596923,1.199279287487165e-14,4.405982516964599e-11,0.8357905661598076,0.05570589851770614,7.219142899892035e-13,2.29092298758912e-10,4.126955324028107e-06
C[T>A]A,0.0009844959969719503,4.9042169829550305e-52,3.0126885749752054e-42,2.5372603950815563e-75,1.3259656103737848e-49,0.06909529409276759,1.3167658087615558e-20,6.373607380549454e-11,0.02834921250810777
C[T>A]C,0.026038224852608007,1.1269420330763458e-21,1.7234458730592727e-17,9.715196060175706e-28,9.76794839917653e-37,1.4429719289158301e-15,1.2318772827278377e-13,0.03774996115245323,0.11278799670546585
C[T>A]G,0.018794534264289713,4.554198061623933e-20,1.0892246905475968e-42,6.981796921444523e-42,9.332805609057794e-38,9.732152948216854e-19,1.5601841662385703e-20,0.0834328242466546,0.16047973944614172
C[T>A]T,0.04848884091708247,2.785919109531477e-19,4.722005162996976e-10,1.426141191340792e-24,0.0005195742934621084,1.1839413084590192e-06,0.002549553236952151,0.03419349850438725,0.07107930045687637
C[T>C]A,0.0012570540203485688,0.02367564584218598,5.1714317969257735e-11,2.930474436889265e-31,2.0453254859355908e-10,0.03144125518714598,6.384170132121822e-25,1.5374532160397353e-19,0.07053184354157095
C[T>C]C,0.047000512772136384,0.0002178075876584148,6.320630531231675e-05,0.040571766836025716,4.750075957580705e-18,1.7823592282527624e-15,0.008465647423261445,6.562148739340515e-15,0.07218333101248867
C[T>C]G,7.94769409385655e-06,0.06941742946800823,0.009107173827549083,2.1278848034149926e-07,0.011042530157244627,0.0021390937836478128,0.0018243152617416914,5.696603853467191e-18,0.1301306664253869
C[T>C]T,0.06362512326922257,0.03204103132484457,1.5211206104837734e-18,1.1397287472944816e-14,2.114918535317982e-21,2.9313353098585635e-06,0.04034387064181549,2.75018714617725e-14,0.14996945092930203
C[T>G]A,0.00809015917729382,0.0003105624567989317,2.8731136594567998e-27,0.013161010631666758,1.0932984475511831e-47,7.520158429713645e-25,0.005646449615935088,9.621553816376515e-18,0.021221734874138958
C[T>G]C,3.018413828727967e-05,1.1371538813247732e-56,6.430922897215411e-21,0.042608609095325524,5.351175771660524e-51,3.6114532815637446e-39,2.793190977282556e-09,5.0704397349890726e-23,0.013557613405792245
C[T>G]G,0.008514118902155853,1.2325244121209412e-07,3.0118171770307185e-25,8.361344623803485e-46,3.420333543710701e-33,0.03933536541739453,0.0013563345001562398,8.398081360908667e-20,0.04811027728572784
C[T>G]T,1.2241230796759755e-13,6.145377082219904e-25,0.003491974197883746,0.01781881538929775,1.0492326960491757e-12,0.05988725239311231,2.3669728611709946e-14,4.133764602146496e-33,0.009243119906520067
G[C>A]A,1.851392985027201e-08,4.117359539017232e-16,0.028495301491784964,4.290267003922243e-13,1.7157831798740527e-22,0.00013553602858779677,7.621147628256486e-13,0.327075081546827,0.13547826884742561
G[C>A]C,5.1138698390456365e-14,6.822922165453268e-11,1.328109878611839e-06,0.11646693396444824,1.9415468476348975e-46,1.0474226919288899e-23,1.6983467069623026e-05,3.3836264008750285e-08,0.21147814568007625
G[C>A]G,0.037142575221188724,1.9632270673252327e-44,1.7595419490085467e-20,4.840017008510417e-38,8.906593357979727e-15,1.6054535094612443e-16,0.0028632939388804476,0.02532391423733406,0.21905598160484963
G[C>A]T,4.8177558739773446e-05,3.725828735363593e-05,2.181850410055045e-14,0.10515399597705404,9.757856272372585e-32,5.1802259055622576e-15,1.853323164444472e-08,0.05535797235694853,0.11119197610843097
G[C>G]A,0.06402847805447343,1.5540691821313756e-25,0.09742660732912559,2.1307256181823125e-30,7.446288228441976e-22,7.54901022362348e-17,0.037829904627122435,2.678271814858748e-05,0.021118778356709354
G[C>G]C,0.03134032336707308,1.9981937102252366e-51,3.6864085699781596e-22,1.6249493540283534e-40,3.33873358013684e-13,2.562484604798765e-18,0.0024009843747865114,0.0419440825237547,0.04914999015098531
G[C>G]G,1.1193480758274042e-49,6.7304172005098185e-80,2.5686902264356438e-65,1.8187288835102422e-14,7.277266632104811e-34,3.125469369022911e-36,4.547459756986634e-23,0.0832321624211653,0.04193711057423534
G[C>G]T,0.025568079508119443,0.02907806180841563,2.476809193429143e-10,6.46080698066849e-46,1.0739458281786552e-17,2.697980560657806e-18,0.010834885912048358,0.031481862504562606,0.0323030717446359
G[C>T]A,0.24320102492205872,0.13409486064436826,0.18130981793130954,4.076869063719534e-06,0.0259142031525346,0.002960957653822799,1.1315039605491429e-05,0.06767053605411243,0.04441505987505838
G[C>T]C,0.16083046442904475,0.19053782242754425,1.3947494038472855e-10,3.2738299803336454e-21,2.113036134278231e-07,2.0044965290894624e-07,0.043787841730479934,4.799114566721376e-07,0.09237152142096677
G[C>T]G,3.0412228113087934e-11,6.5805041756937e-07,2.1270926334444177e-07,1.1234136274119875e-28,0.6827049381553492,0.44486151219903997,0.0008936109493396326,0.12588464065531144,2.956068323916341e-07
G[C>T]T,0.12634075367169093,0.12986895845835789,1.5829475130481056e-15,4.8307518115438276e-20,3.3143503856783773e-13,0.07150885952418465,0.0216162817343692,6.000982687268379e-15,0.06023717401973993
G[T>A]A,0.06033582459357011,2.9923893887710565e-44,7.686698090399766e-45,2.688694904667028e-14,1.1489659827209702e-53,6.604367023981162e-15,0.004112628846188759,9.94885822225309e-11,0.0335070577700487
G[T>A]C,8.480263179142545e-12,0.004086052067401861,8.363269587393329e-11,7.870670487117087e-19,3.2336611543618094e-49,1.368554723174112e-50,0.0004709865559472027,0.059071332747493516,0.0184184037717022
G[T>A]G,4.974576038845015e-07,0.002974995193422521,7.41787743478159e-38,0.019440572824064636,1.0705509844152164e-38,5.377762704229145e-18,0.012367527778008197,0.01584463565479806,0.09157253414533548
G[T>A]T,0.014915490621058273,1.2250506298813648e-22,6.45887263499779e-14,0.0824684771615595,3.6656634383396903e-40,3.767820392655882e-37,0.00010461435463464385,1.5125422021495586e-09,0.010743564078477801
G[T>C]A,0.0014841706649979375,0.04122617775119108,6.604682054276189e-19,0.08897451775618313,1.1571955358024931e-48,3.6531094984779085e-10,0.00528087306356998,1.1726179907645494e-13,0.04202979856332355
G[T>C]C,0.0546867823874489,0.01668498020875176,2.626836987590718e-19,0.03791823045825491,1.913519772910706e-16,2.1524154757954414e-22,0.01987911391470085,0.00010954378123092082,3.5637967479773474e-08
G[T>C]G,1.632021683250617e-12,2.210261325554549e-12,1.2465428996483437e-20,0.07681006314207954,1.3868293410227736e-14,2.5329985991298276e-24,9.255442445183636e-15,0.07573770931389841,0.031471606796421685
G[T>C]T,0.06695878987660893,2.6733351929922465e-25,0.00033457274842346046,5.272187078593119e-32,1.0250593522280608e-26,0.08495357343029533,0.014835747972880627,7.772424913506347e-21,0.00033586647987248684
G[T>G]A,0.02176648835484884,1.3936116840838407e-09,6.392064663832539e-38,5.101336540745911e-10,0.03219968396078795,4.407006806960706e-57,8.174439084315847e-28,2.922796550771176e-27,0.004931300568879629
G[T>G]C,0.02294493996637838,2.3187185538180514e-36,0.002953429219990931,1.1023280752417687e-06,3.0766803172393284e-26,9.733356056367216e-11,1.6858353478293926e-28,1.9359506702909522e-29,2.5566609491410706e-09
G[T>G]G,0.019359371431076047,3.702021651362889e-09,6.127595949536963e-11,5.876245785040243e-66,1.2422936269866337e-25,1.0874860874998405e-37,1.2174839420746108e-23,3.389785178662057e-28,0.027076708761498907
G[T>G]T,0.015514849741478697,1.527264213635165e-25,7.930309108377354e-46,9.240258977834577e-32,1.0925065698857775e-16,8.87481094849635e-34,7.6100493418747e-26,0.02884789154397234,4.2628139853224866e-13
T[C>A]A,7.087443802714928e-06,1.167020801479372e-23,0.00746753521252114,0.21018517980285586,1.4622646159716443e-36,3.6013431081239525e-16,0.13509758853162657,1.6541708152178246e-22,0.14538962973697214
T[C>A]C,0.03920954473033987,0.03700957134106402,0.04369160649466477,0.12926606111074443,1.0878761562751243e-17,1.3150682125323226e-12,6.138752764529225e-05,1.4544860291955146e-09,0.20853499938940614
T[C>A]G,0.00010129606634745482,1.7910093722102412e-09,4.376272108525659e-05,2.741840558627809e-20,1.5321943750003005e-22,1.3256450989319193e-32,0.017958255619388304,0.19483859991465977,0.12184252342007847
T[C>A]T,1.287062650953483e-08,7.738360051157521e-09,0.029272459805130262,8.141204441510743e-22,5.328157165144796e-15,0.022380286115913785,0.02408592219481,0.028945648606054395,0.3057979896524354
T[C>G]A,6.075928767985106e-28,5.4980574334458414e-45,0.13410696989484622,2.1301307889759613e-35,1.0109982955833342e-46,6.687469863946782e-35,1.1120380727980168,5.583149163795662e-43,4.904312780995421e-27
T[C>G]C,4.815812884924549e-13,0.01054042052622535,1.6214988677681118e-09,2.6486509689405005e-22,9.64232147602751e-05,4.8351283174587055e-15,0.2893952500567109,0.011254522207110125,0.03622344104125591
T[C>G]G,0.023716780980947084,3.434218411637664e-22,0.00013694182030735139,0.02166484682068417,1.2148576551121436e-11,7.215865524174845e-25,0.11183246950717425,0.00034819294323511766,0.04076198440976555
T[C>G]T,0.04431857441906297,8.210586051309467e-31,0.15193149769578834,1.139778494650645e-26,8.118388959595597e-30,3.2203035383073467e-32,0.6212523612402007,2.4560889195244195e-19,1.3087697972589497e-22
T[C>T]A,0.01513192653061605,2.577112342937915e-18,1.3905980333723407,8.261211446616981e-09,4.088069149943618e-15,0.1518420114533453,9.96947310362304e-06,0.12877083295285824,0.0006742116612468293
T[C>T]C,0.2353435701335348,3.4840728851670055e-22,0.2037303995237917,4.935833904433443e-07,0.15086252245002837,0.08772688533641475,0.001053008263848834,5.387813621105296e-15,0.09742155208130883
T[C>T]G,0.15101962491755316,0.221554993505535,0.32731609631667535,1.2012082462002518e-12,2.1233280758922978e-07,2.125401622788525e-15,0.0001987673339166694,0.3824742526090325,1.7705589228996662e-14
T[C>T]T,0.18718896264785786,8.125351016856293e-13,0.30689093878924617,6.031356065868473e-14,0.22381880456478975,5.699250140409386e-11,4.1327492787725596e-05,1.81347496786893e-10,0.00010432672338350703
T[T>A]A,0.004877977594257452,1.269593762967354e-21,4.6526133725038273e-05,1.9053877753328633e-13,3.665621781294883e-61,1.4188373511557048e-20,0.010419047850226511,3.190725567852644e-28,0.048345269591861716
T[T>A]C,3.0614826693837717e-17,2.945991355338156e-11,7.964126680433273e-21,3.0850066754894147e-43,7.585524420588014e-22,0.039458910311294955,9.485104549461143e-05,3.391670693625363e-27,0.07028935940050532
T[T>A]G,2.2057788638946656e-30,3.088572207762395e-26,2.4338241559536007e-24,1.3426489635656251e-34,4.183040770051809e-71,1.642662932232162e-42,7.265815399150322e-36,0.03583161102031689,0.0378734035054064
T[T>A]T,0.03719815647041197,5.000110215076763e-05,0.002825205466278206,4.509680996066e-55,4.553735286956577e-11,4.851011832329866e-44,0.0018728972395805961,2.7141626580231755e-22,0.06265492571833371
T[T>C]A,1.9305884623371686e-17,0.008925281649894926,1.363067491139787e-21,3.7637157307046756e-44,3.8930144141265303e-25,4.855102896185618e-18,7.643420429793772e-16,0.07995934589942381,0.022338639489266118
T[T>C]C,0.03858339094549326,0.02269482708789993,1.8804042586244803e-09,6.370355196422645e-20,2.5438511265019307e-30,0.0023895612914150853,0.009044387349816083,0.038825846222507135,0.04614030673812015
T[T>C]G,4.0405854702504275e-15,1.0769274593782393e-27,1.7581744835906015e-14,5.249971778762122e-21,0.08075781169228732,2.9209546169707475e-15,9.588722786811217e-05,0.0012414535352918647,0.043729466561091425
T[T>C]T,0.18203939120854187,1.6184306260464453e-09,6.789485593118535e-24,1.8541883287152967e-17,1.0173994872000908e-25,2.7179721082790094e-10,2.0867065568522263e-13,0.054862284569389526,0.04354284227260183
T[T>G]A,5.603060664871629e-19,1.9153919240408754e-07,4.76204359990265e-33,0.013332960813534644,3.081095136110442e-11,3.116734475163145e-75,0.004114898985615281,1.29419413092671e-37,0.019737301674801398
T[T>G]C,0.018536636160151082,4.590636532839622e-41,3.178674199692585e-46,8.908881110883592e-49,0.015357431471641904,1.1561566693970304e-10,0.005183006526430003,7.671628489035026e-09,0.0020502513571633942
T[T>G]G,4.289202879153576e-32,2.5764386137795965e-58,7.07173079990871e-96,1.1642696665112912e-56,3.4017700698772963e-44,0.05721595048987601,2.6337538845467272e-39,1.9698068400146734e-36,0.005200646914185936
T[T>G]T,0.005972214454589931,2.831072578151543e-31,6.85839081427243e-31,0.01496302872965946,8.69566007913261e-98,0.020037816115352318,0.011889147971037597,7.17647890130232e-10,1.6511680838367275e-09
