Sample	0	1
TCGA-4P-AA8J-01A-11R-A39I-07	-2.5546525	1.2450312
TCGA-BA-4074-01A-01R-1436-07	-9.4489	-7.817346
TCGA-BA-4075-01A-01R-1436-07	-9.495038	-7.4813366
TCGA-BA-4076-01A-01R-1436-07	-11.243575	-11.335475
TCGA-BA-4077-01B-01R-1436-07	24.005377	26.58868
TCGA-BA-4078-01A-01R-1436-07	25.62814	4.7717733
TCGA-BA-5149-01A-01R-1514-07	-20.840065	34.265453
TCGA-BA-5151-01A-01R-1436-07	-29.67627	20.855318
TCGA-BA-5152-01A-02R-1873-07	-39.695965	4.0801125
TCGA-BA-5153-01A-01R-1436-07	21.68615	-29.603846
TCGA-BA-5555-01A-01R-1514-07	17.815344	-23.666986
TCGA-BA-5556-01A-01R-1514-07	-33.18596	16.801672
TCGA-BA-5557-01A-01R-1514-07	-21.492632	15.850884
TCGA-BA-5558-01A-01R-1514-07	-28.035536	19.1021
TCGA-BA-5559-01A-01R-1514-07	24.339396	-32.27167
TCGA-BA-6868-01B-12R-1915-07	-14.909447	33.736107
TCGA-BA-6869-01A-11R-1873-07	-7.7607694	-20.820372
TCGA-BA-6870-01A-11R-1873-07	-31.664236	-1.2983962
TCGA-BA-6871-01A-11R-1873-07	23.271534	-41.535664
TCGA-BA-6872-01A-11R-1873-07	-32.50001	0.90952903
TCGA-BA-6873-01A-11R-1873-07	12.774148	23.20363
TCGA-BA-7269-01A-11R-2016-07	-21.914228	-13.389517
TCGA-BA-A4IF-01A-11R-A266-07	5.605773	-14.838402
TCGA-BA-A4IG-01A-11R-A266-07	8.4592905	-29.649178
TCGA-BA-A4IH-01A-11R-A266-07	15.892049	-40.28167
TCGA-BA-A4II-01A-11R-A266-07	-16.521646	8.27661
TCGA-BA-A6D8-01A-31R-A31N-07	3.051826	-3.3665318
TCGA-BA-A6DA-01A-31R-A31N-07	-29.696371	-9.513743
TCGA-BA-A6DB-01A-11R-A30B-07	-5.1583853	16.092373
TCGA-BA-A6DD-01A-12R-A31N-07	-32.75981	-6.2270904
TCGA-BA-A6DE-01A-22R-A31N-07	7.583685	-13.823881
TCGA-BA-A6DG-01A-21R-A30B-07	13.446275	40.556988
TCGA-BA-A6DI-01A-11R-A30B-07	-18.025322	-20.04549
TCGA-BA-A6DJ-01A-11R-A30B-07	-38.346977	10.127165
TCGA-BA-A6DL-01A-21R-A30B-07	-2.192543	-17.941513
TCGA-BA-A8YP-01A-11R-A39I-07	25.093473	6.742655
TCGA-BB-4217-01A-11R-2081-07	13.292837	-40.147118
TCGA-BB-4223-01A-01R-1436-07	20.053366	-36.29719
TCGA-BB-4224-01A-01R-1436-07	-2.6841593	-30.744879
TCGA-BB-4225-01A-01R-1436-07	21.08755	-37.914825
TCGA-BB-4227-01A-01R-1873-07	-13.109609	-11.646143
TCGA-BB-4228-01A-01R-1436-07	20.030132	-37.589043
TCGA-BB-7870-01A-11R-2232-07	-2.4399436	-15.775672
TCGA-BB-8596-01A-11R-2403-07	21.797161	33.49627
TCGA-BB-8601-01A-11R-2403-07	-1.7033731	-14.8612795
TCGA-BB-A5HU-01A-11R-A28V-07	-12.447552	30.914682
TCGA-BB-A5HY-01A-11R-A28V-07	-8.489455	1.8236325
TCGA-BB-A5HZ-01A-21R-A28V-07	-37.00298	-14.55283
TCGA-BB-A6UM-01A-12R-A34R-07	7.9897237	-32.738853
TCGA-BB-A6UO-01A-12R-A34R-07	-22.621403	-7.0716443
TCGA-C9-A47Z-01A-11R-A24H-07	-7.7774887	39.521
TCGA-C9-A480-01A-12R-A24H-07	-8.248278	37.452896
TCGA-CN-4723-01A-01R-1436-07	-13.742287	23.932205
TCGA-CN-4725-01A-01R-1436-07	-9.626523	45.16588
TCGA-CN-4726-01A-01R-1436-07	-22.427027	16.820229
TCGA-CN-4727-01A-01R-1436-07	11.813253	-10.784821
TCGA-CN-4728-01A-01R-1436-07	23.163939	11.9453535
TCGA-CN-4729-01A-01R-1436-07	-17.182201	16.97407
TCGA-CN-4730-01A-01R-1436-07	-3.7375872	-15.461696
TCGA-CN-4731-01A-01R-1436-07	16.818865	2.6395342
TCGA-CN-4733-01A-02R-1873-07	9.986982	27.704807
TCGA-CN-4734-01A-01R-1436-07	-30.664293	16.338041
TCGA-CN-4735-01A-01R-1436-07	22.837164	-33.8
TCGA-CN-4736-01A-01R-1436-07	12.39031	32.16314
TCGA-CN-4737-01A-01R-1436-07	6.7184186	39.088
TCGA-CN-4738-01A-02R-1514-07	-17.179987	-19.472519
TCGA-CN-4739-01A-02R-1514-07	7.4205813	-23.979485
TCGA-CN-4740-01A-01R-1436-07	25.840319	13.731123
TCGA-CN-4741-01A-01R-1436-07	13.110561	-23.10189
TCGA-CN-4742-01A-02R-1514-07	-3.5217562	32.20619
TCGA-CN-5355-01A-01R-1436-07	5.9863844	42.49081
TCGA-CN-5356-01A-01R-1436-07	-8.896042	11.4140835
TCGA-CN-5358-01A-01R-1514-07	6.075279	29.864471
TCGA-CN-5359-01A-01R-1436-07	22.753817	1.0125977
TCGA-CN-5360-01A-01R-1436-07	23.872902	-17.84225
TCGA-CN-5361-01A-01R-1436-07	8.801418	16.315598
TCGA-CN-5363-01A-01R-1436-07	13.893516	22.44658
TCGA-CN-5364-01A-01R-1436-07	26.697065	20.31865
TCGA-CN-5365-01A-01R-1436-07	-35.818577	12.960798
TCGA-CN-5366-01A-01R-1436-07	-9.27027	26.510721
TCGA-CN-5367-01A-01R-1436-07	9.9458065	21.870617
TCGA-CN-5369-01A-01R-1436-07	-31.209053	15.615042
TCGA-CN-5370-01A-01R-2016-07	8.605898	29.515919
TCGA-CN-5373-01A-01R-1436-07	0.40114936	30.909092
TCGA-CN-5374-01A-01R-1436-07	3.1056674	-37.21424
TCGA-CN-6010-01A-11R-1686-07	23.264244	-14.313555
TCGA-CN-6011-01A-11R-1686-07	-26.525024	35.06235
TCGA-CN-6012-01A-11R-1686-07	24.564322	-13.593296
TCGA-CN-6013-01A-11R-1686-07	-0.49531388	29.603848
TCGA-CN-6016-01A-11R-1686-07	13.595478	28.639477
TCGA-CN-6017-01A-11R-1686-07	11.560459	29.915009
TCGA-CN-6018-01A-11R-1686-07	11.355715	25.622683
TCGA-CN-6019-01A-11R-1686-07	23.915186	12.742694
TCGA-CN-6020-01A-11R-1686-07	-18.890648	18.814312
TCGA-CN-6021-01A-11R-1686-07	17.699856	-14.247519
TCGA-CN-6022-01A-21R-1686-07	20.42533	24.714245
TCGA-CN-6023-01A-11R-1686-07	30.283272	-6.6964912
TCGA-CN-6024-01A-11R-1686-07	30.167177	3.5016565
TCGA-CN-6988-01A-11R-1915-07	1.670471	-21.352509
TCGA-CN-6989-01A-11R-1915-07	23.701147	10.064455
TCGA-CN-6992-01A-11R-1915-07	19.494164	-10.8009405
TCGA-CN-6994-01A-11R-1915-07	-5.3230133	27.797258
TCGA-CN-6995-01A-31R-2016-07	-0.76297337	17.282114
TCGA-CN-6996-01A-11R-1915-07	9.691084	32.482944
TCGA-CN-6997-01A-11R-2016-07	21.650293	-7.8062305
TCGA-CN-6998-01A-23R-2016-07	-6.462443	38.151688
TCGA-CN-A497-01A-11R-A24H-07	14.01342	-9.994462
TCGA-CN-A498-01A-11R-A24H-07	-18.551977	25.8339
TCGA-CN-A499-01A-11R-A24H-07	-26.104961	32.432766
TCGA-CN-A49A-01A-11R-A24H-07	13.606131	13.502044
TCGA-CN-A49B-01A-31R-A24H-07	-14.070244	-23.268492
TCGA-CN-A49C-01A-11R-A24H-07	9.422278	-31.642197
TCGA-CN-A63T-01A-11R-A28V-07	-9.131053	-19.151781
TCGA-CN-A63U-01A-11R-A30B-07	12.989505	-8.242258
TCGA-CN-A63V-01A-11R-A466-07	-25.035065	-18.27109
TCGA-CN-A63W-01A-11R-A30B-07	-6.182894	-16.843143
TCGA-CN-A641-01A-11R-A30B-07	-1.5676196	-19.721245
TCGA-CN-A642-01A-12R-A30B-07	-9.308379	-1.7616054
TCGA-CN-A6UY-01A-12R-A34R-07	6.4658556	-43.687195
TCGA-CN-A6V1-01A-12R-A34R-07	4.201169	-40.157925
TCGA-CN-A6V3-01A-12R-A34R-07	-16.640434	-19.072344
TCGA-CN-A6V6-01A-12R-A34R-07	8.139354	-34.867138
TCGA-CN-A6V7-01A-12R-A34R-07	10.854371	-31.786556
TCGA-CQ-5323-01A-01R-1686-07	12.422874	-22.23623
TCGA-CQ-5324-01A-01R-1686-07	-33.305126	8.561824
TCGA-CQ-5325-01A-01R-1686-07	13.15189	33.116337
TCGA-CQ-5326-01A-01R-1873-07	-14.22575	32.52578
TCGA-CQ-5327-01A-01R-1686-07	-31.726292	-10.966522
TCGA-CQ-5329-01A-01R-1686-07	12.601824	21.0193
TCGA-CQ-5330-01A-01R-1686-07	15.73631	24.53259
TCGA-CQ-5331-01A-02R-1873-07	-32.432636	18.504938
TCGA-CQ-5332-01A-01R-1686-07	21.738958	-4.4893394
TCGA-CQ-5333-01A-01R-2403-07	-4.018922	-0.40976828
TCGA-CQ-5334-01A-01R-1686-07	-7.9501095	22.486427
TCGA-CQ-6218-01A-11R-1915-07	-31.095112	11.584802
TCGA-CQ-6219-01A-11R-1915-07	-4.446037	7.397757
TCGA-CQ-6220-01A-11R-1915-07	-9.088192	41.216446
TCGA-CQ-6221-01A-11R-2081-07	10.348113	8.909044
TCGA-CQ-6222-01A-11R-1915-07	-23.448797	-35.447292
TCGA-CQ-6223-01A-11R-1915-07	-19.211264	9.443334
TCGA-CQ-6224-01A-11R-1915-07	16.363293	23.689472
TCGA-CQ-6225-01A-11R-1915-07	-0.676116	-15.619624
TCGA-CQ-6227-01A-11R-1915-07	12.998916	40.655617
TCGA-CQ-6228-01A-11R-1915-07	29.215397	-2.2233572
TCGA-CQ-6229-01A-11R-1915-07	-0.5036049	37.89943
TCGA-CQ-7063-01A-11R-2403-07	-33.90578	16.565493
TCGA-CQ-7065-01A-11R-2081-07	-11.437974	43.062447
TCGA-CQ-7068-01A-11R-2081-07	-37.94531	15.533922
TCGA-CQ-7069-01A-11R-2403-07	-10.957754	29.733257
TCGA-CQ-7071-01A-12R-A30B-07	-23.764204	15.715076
TCGA-CQ-7072-01A-21R-A30B-07	12.697532	12.089777
TCGA-CQ-A4C6-01A-11R-A24Z-07	-3.6218977	38.165054
TCGA-CQ-A4C7-01A-11R-A24Z-07	14.819961	24.59652
TCGA-CQ-A4C9-01A-11R-A24Z-07	1.2870107	-23.823612
TCGA-CQ-A4CB-01A-11R-A24Z-07	2.101382	11.713944
TCGA-CQ-A4CD-01A-21R-A24Z-07	-14.061579	-1.6653073
TCGA-CQ-A4CE-01A-11R-A266-07	-22.470854	8.893332
TCGA-CQ-A4CG-01A-11R-A266-07	-13.678515	25.191376
TCGA-CQ-A4CH-01A-11R-A266-07	-10.59666	32.34588
TCGA-CQ-A4CI-01A-11R-A266-07	23.33099	-6.6694484
TCGA-CR-5243-01A-01R-1514-07	22.48668	-30.094193
TCGA-CR-5247-01A-01R-2016-07	17.788317	2.9896793
TCGA-CR-5248-01A-01R-2016-07	12.938826	-33.014732
TCGA-CR-5249-01A-01R-1514-07	12.938295	-28.44771
TCGA-CR-5250-01A-01R-1514-07	21.14874	-29.295412
TCGA-CR-6467-01A-11R-1873-07	20.851904	-35.718952
TCGA-CR-6470-01A-11R-1873-07	23.987461	-32.78699
TCGA-CR-6471-01A-11R-1873-07	-26.910097	24.108723
TCGA-CR-6472-01A-11R-1873-07	17.042477	-33.900333
TCGA-CR-6473-01A-11R-1873-07	18.443731	-36.02565
TCGA-CR-6474-01A-11R-1873-07	16.878014	20.365131
TCGA-CR-6477-01A-11R-1873-07	-7.75228	28.658157
TCGA-CR-6478-01A-11R-1873-07	3.874754	11.010294
TCGA-CR-6480-01A-11R-1873-07	12.289975	-27.066208
TCGA-CR-6481-01A-11R-1873-07	13.795221	-31.992992
TCGA-CR-6482-01A-11R-1873-07	26.542068	-33.678177
TCGA-CR-6484-01A-11R-1873-07	-0.16963159	25.53674
TCGA-CR-6487-01A-11R-1873-07	24.850481	-33.71837
TCGA-CR-6488-01A-12R-2081-07	6.5682425	38.24769
TCGA-CR-6491-01A-11R-1873-07	-25.604834	14.873079
TCGA-CR-6492-01A-12R-2081-07	-31.15212	12.994703
TCGA-CR-6493-01A-11R-1873-07	-16.820673	35.668915
TCGA-CR-7364-01A-11R-2016-07	6.2882347	-22.008844
TCGA-CR-7365-01A-11R-2016-07	5.281616	41.7094
TCGA-CR-7367-01A-11R-2016-07	-3.3553855	24.916512
TCGA-CR-7368-01A-11R-2132-07	13.876648	-23.707676
TCGA-CR-7369-01A-11R-2132-07	14.579726	-23.156878
TCGA-CR-7370-01A-11R-2132-07	21.727694	-13.512744
TCGA-CR-7371-01A-11R-2016-07	22.815979	-17.416826
TCGA-CR-7372-01A-11R-2016-07	5.9709954	39.803974
TCGA-CR-7373-01A-11R-2016-07	-20.814747	31.519075
TCGA-CR-7374-01A-11R-2016-07	19.861097	-12.27617
TCGA-CR-7376-01A-11R-2132-07	7.795901	28.479662
TCGA-CR-7377-01A-11R-2016-07	5.4632254	32.552658
TCGA-CR-7379-01A-11R-2016-07	6.2892203	43.44297
TCGA-CR-7380-01A-11R-2016-07	-6.727013	28.206608
TCGA-CR-7382-01A-11R-2132-07	8.585085	27.110514
TCGA-CR-7383-01A-11R-2132-07	17.894632	23.61639
TCGA-CR-7385-01A-11R-2016-07	10.6871195	-30.452303
TCGA-CR-7386-01A-11R-2016-07	2.9310584	25.78467
TCGA-CR-7388-01A-11R-2016-07	21.4176	-17.965046
TCGA-CR-7389-01A-11R-2016-07	21.489447	-20.134697
TCGA-CR-7390-01A-11R-2016-07	14.597951	-2.0305462
TCGA-CR-7391-01A-11R-2016-07	3.522055	31.62354
TCGA-CR-7392-01A-11R-2016-07	3.3695884	28.113491
TCGA-CR-7394-01A-11R-2016-07	1.870066	30.57584
TCGA-CR-7395-01A-11R-2016-07	-30.848686	17.969233
TCGA-CR-7397-01A-11R-2016-07	4.191267	32.42561
TCGA-CR-7398-01A-11R-2016-07	15.108771	-10.230175
TCGA-CR-7399-01A-11R-2016-07	23.46226	-40.862656
TCGA-CR-7401-01A-11R-2016-07	3.1483982	35.49793
TCGA-CR-7402-01A-11R-2016-07	17.978691	-24.285517
TCGA-CR-7404-01A-11R-2132-07	13.240079	-29.375349
TCGA-CV-5430-01A-02R-1686-07	24.697445	-35.673355
TCGA-CV-5432-01A-02R-1686-07	24.45988	-9.133665
TCGA-CV-5434-01A-01R-1686-07	25.185883	9.143679
TCGA-CV-5435-01A-01R-1686-07	23.17194	8.455752
TCGA-CV-5436-01A-01R-1514-07	-24.337696	36.796825
TCGA-CV-5439-01A-01R-1686-07	-22.188324	3.6822472
TCGA-CV-5440-01A-01R-1514-07	32.172035	4.77885
TCGA-CV-5441-01A-01R-1514-07	-37.570953	-15.4656315
TCGA-CV-5442-01A-01R-1514-07	-26.026474	4.959803
TCGA-CV-5443-01A-01R-1514-07	21.375854	-34.22648
TCGA-CV-5444-01A-02R-1514-07	13.305593	28.161846
TCGA-CV-5966-01A-11R-1686-07	-7.9928007	0.42393863
TCGA-CV-5970-01A-11R-1686-07	-1.5345448	32.32278
TCGA-CV-5971-01A-11R-1686-07	33.955276	-21.93929
TCGA-CV-5973-01A-11R-1686-07	-27.76365	-6.5545297
TCGA-CV-5976-01A-11R-1686-07	17.538889	27.761244
TCGA-CV-5977-01A-11R-1686-07	-22.835646	35.870647
TCGA-CV-5978-01A-11R-1686-07	22.490685	0.45620236
TCGA-CV-5979-01A-11R-1686-07	-16.047617	34.99871
TCGA-CV-6003-01A-11R-1686-07	-21.488396	37.305042
TCGA-CV-6433-01A-11R-1686-07	20.302954	-34.08133
TCGA-CV-6436-01A-11R-1686-07	-27.85211	-8.661685
TCGA-CV-6441-01A-11R-1686-07	0.7904361	-38.67216
TCGA-CV-6933-01A-11R-1915-07	20.601912	-1.6879588
TCGA-CV-6933-11A-01R-1915-07	37.719063	-27.146305
TCGA-CV-6934-01A-11R-1915-07	21.696877	12.621231
TCGA-CV-6934-11A-01R-1915-07	-11.448682	-32.21497
TCGA-CV-6935-01A-11R-1915-07	19.343914	2.2866907
TCGA-CV-6935-11A-01R-1915-07	-9.022196	-29.808422
TCGA-CV-6936-01A-11R-1915-07	1.5236022	5.667725
TCGA-CV-6936-11A-01R-1915-07	-19.520817	-38.015266
TCGA-CV-6937-01A-11R-2016-07	-1.66574	2.2230816
TCGA-CV-6938-01A-11R-1915-07	-37.589718	15.904259
TCGA-CV-6938-11A-01R-1915-07	39.62364	-25.276459
TCGA-CV-6939-01A-11R-1915-07	21.181974	-28.033817
TCGA-CV-6939-11A-01R-1915-07	34.56126	-23.81277
TCGA-CV-6940-01A-11R-1915-07	31.814735	3.323042
TCGA-CV-6941-01A-11R-1915-07	19.68745	10.458294
TCGA-CV-6942-01A-21R-2016-07	1.9662663	12.113803
TCGA-CV-6943-01A-11R-1915-07	3.7682886	26.257002
TCGA-CV-6943-11A-01R-1915-07	-17.618174	-34.599117
TCGA-CV-6945-01A-11R-1915-07	-27.77462	-2.0421803
TCGA-CV-6948-01A-11R-1915-07	28.262459	-4.2608824
TCGA-CV-6950-01A-11R-1915-07	15.875851	20.345457
TCGA-CV-6951-01A-11R-1915-07	32.493145	4.2161837
TCGA-CV-6952-01A-11R-1915-07	-3.8734188	39.042164
TCGA-CV-6953-01A-11R-1915-07	-25.980309	6.0151715
TCGA-CV-6954-01A-11R-1915-07	-33.886173	21.527601
TCGA-CV-6955-01A-11R-2016-07	-21.89199	6.4584594
TCGA-CV-6955-11A-01R-2016-07	-11.622123	-29.566072
TCGA-CV-6956-01A-21R-2016-07	-10.997898	45.26287
TCGA-CV-6956-11A-01R-2016-07	-20.134062	-35.74378
TCGA-CV-6959-01A-11R-1915-07	17.843338	29.246443
TCGA-CV-6959-11A-01R-1915-07	-20.208652	-33.270966
TCGA-CV-6960-01A-41R-2016-07	19.719276	-6.594962
TCGA-CV-6960-11A-01R-2016-07	-6.4169645	-28.69521
TCGA-CV-6961-01A-21R-1915-07	22.041096	26.04116
TCGA-CV-6961-11A-01R-1915-07	-17.452486	-37.539646
TCGA-CV-6962-01A-11R-1915-07	27.811234	-2.7437224
TCGA-CV-6962-11A-01R-1915-07	-7.9932766	-29.617128
TCGA-CV-7089-01A-11R-2016-07	-28.687326	12.479462
TCGA-CV-7090-01A-11R-2016-07	-10.542535	29.043098
TCGA-CV-7091-01A-11R-2016-07	-23.514162	20.865044
TCGA-CV-7091-11A-01R-2016-07	34.02775	-23.139542
TCGA-CV-7095-01A-21R-2016-07	-3.003107	41.92897
TCGA-CV-7097-01A-11R-2016-07	19.208021	29.582855
TCGA-CV-7097-11A-01R-2016-07	35.40792	-24.17294
TCGA-CV-7099-01A-41R-2016-07	-33.15727	9.708856
TCGA-CV-7100-01A-11R-2016-07	0.7806222	10.091052
TCGA-CV-7101-01A-11R-2016-07	25.132711	-12.804694
TCGA-CV-7101-11A-01R-2016-07	-10.165918	-31.845083
TCGA-CV-7102-01A-11R-2016-07	15.999556	22.095903
TCGA-CV-7103-01A-21R-2016-07	26.233524	8.033847
TCGA-CV-7103-11A-01R-2016-07	-18.503172	-33.198124
TCGA-CV-7104-01A-11R-2016-07	10.233305	32.787544
TCGA-CV-7177-01A-11R-2016-07	21.307444	-0.3396234
TCGA-CV-7177-11A-01R-2016-07	-9.348178	-31.03734
TCGA-CV-7178-01A-21R-2016-07	18.488535	15.489557
TCGA-CV-7178-11A-01R-2016-07	38.85671	-26.020866
TCGA-CV-7180-01A-11R-2016-07	-25.703802	10.834269
TCGA-CV-7183-01A-11R-2016-07	-23.968803	13.992079
TCGA-CV-7183-11A-01R-2016-07	-4.8982735	-30.586365
TCGA-CV-7235-01A-11R-2016-07	17.09669	14.315674
TCGA-CV-7235-11A-01R-2016-07	36.420376	-26.403393
TCGA-CV-7236-01A-11R-2016-07	-12.494967	29.111229
TCGA-CV-7238-01A-11R-2016-07	11.085837	33.59193
TCGA-CV-7238-11A-01R-2016-07	-18.822254	-31.427616
TCGA-CV-7242-01A-11R-2016-07	4.4481792	-24.312346
TCGA-CV-7242-11A-01R-2016-07	-6.618002	-29.83631
TCGA-CV-7243-01A-11R-2016-07	18.619368	21.151848
TCGA-CV-7245-01A-11R-2016-07	14.090349	-1.6064209
TCGA-CV-7245-11A-01R-2016-07	32.34605	-22.989454
TCGA-CV-7247-01A-11R-2016-07	25.679098	20.362368
TCGA-CV-7248-01A-11R-2016-07	23.312063	-15.422482
TCGA-CV-7250-01A-11R-2016-07	1.6838468	-20.012156
TCGA-CV-7250-11A-01R-2016-07	-21.644571	-35.06082
TCGA-CV-7252-01A-11R-2016-07	-9.62149	30.271315
TCGA-CV-7252-11A-01R-2016-07	-17.244722	-33.863964
TCGA-CV-7253-01A-11R-2016-07	0.6294182	-17.134607
TCGA-CV-7254-01A-11R-2016-07	27.51945	-8.604415
TCGA-CV-7255-01A-11R-2016-07	-11.650819	43.897232
TCGA-CV-7255-11A-01R-2016-07	-11.459816	-34.783905
TCGA-CV-7261-01A-11R-2016-07	22.702816	-11.188366
TCGA-CV-7261-11A-01R-2016-07	-8.109483	-30.872847
TCGA-CV-7263-01A-11R-2016-07	27.602865	10.840096
TCGA-CV-7406-01A-11R-2081-07	28.848108	-22.880535
TCGA-CV-7406-11A-01R-2081-07	-22.418465	-33.76225
TCGA-CV-7407-01A-11R-2081-07	32.554638	-9.108566
TCGA-CV-7410-01A-21R-2081-07	1.4548465	25.80732
TCGA-CV-7411-01A-11R-2081-07	-23.282776	14.47336
TCGA-CV-7413-01A-11R-2081-07	2.297004	23.29906
TCGA-CV-7414-01A-11R-2081-07	26.031652	-28.491365
TCGA-CV-7415-01A-11R-2081-07	3.7578683	21.101938
TCGA-CV-7416-01A-11R-2081-07	-11.996064	27.019083
TCGA-CV-7416-11A-01R-2081-07	-16.601149	-37.37298
TCGA-CV-7418-01A-11R-2081-07	31.652311	-5.407411
TCGA-CV-7421-01A-11R-2081-07	17.741991	4.7995954
TCGA-CV-7422-01A-21R-2081-07	33.50933	-4.2875357
TCGA-CV-7423-01A-11R-2081-07	-7.132347	34.717587
TCGA-CV-7423-11A-01R-2081-07	-18.076267	-36.924484
TCGA-CV-7424-01A-11R-2081-07	27.572252	-6.808251
TCGA-CV-7424-11A-01R-2081-07	-10.085504	-33.591606
TCGA-CV-7425-01A-11R-2081-07	-25.611551	8.060825
TCGA-CV-7425-11A-01R-2081-07	-24.247044	7.944522
TCGA-CV-7427-01A-11R-2081-07	-33.58199	17.98381
TCGA-CV-7429-01A-11R-2132-07	10.385478	7.3882923
TCGA-CV-7430-01A-11R-2132-07	-4.603155	-26.325977
TCGA-CV-7432-01A-11R-2132-07	-17.839128	36.900837
TCGA-CV-7432-11A-01R-2132-07	36.97305	-27.045462
TCGA-CV-7433-01A-11R-2132-07	3.653532	22.13324
TCGA-CV-7434-01A-11R-2132-07	-24.557169	34.647366
TCGA-CV-7434-11A-01R-2132-07	37.251133	-25.973364
TCGA-CV-7435-01A-11R-2132-07	20.640898	11.340735
TCGA-CV-7437-01A-21R-2132-07	31.655336	-8.729182
TCGA-CV-7437-11A-01R-2132-07	-6.384378	-30.62021
TCGA-CV-7438-01A-21R-2132-07	16.94199	25.732557
TCGA-CV-7438-11A-01R-2132-07	-16.645226	-35.921402
TCGA-CV-7440-01A-11R-2132-07	-8.704915	10.367608
TCGA-CV-7440-11A-01R-2187-07	-11.044231	-33.95728
TCGA-CV-7446-01A-11R-2232-07	20.35686	-13.335913
TCGA-CV-7568-01A-11R-2232-07	13.071485	16.549183
TCGA-CV-A45O-01A-21R-A24H-07	-20.576883	10.359268
TCGA-CV-A45P-01A-11R-A24H-07	-26.55968	12.343804
TCGA-CV-A45Q-01A-11R-A24H-07	-26.35419	-10.372672
TCGA-CV-A45R-01A-11R-A24H-07	2.3586433	38.344494
TCGA-CV-A45T-01A-11R-A24H-07	-4.2161527	15.92194
TCGA-CV-A45U-01A-12R-A24H-07	28.557495	-14.958735
TCGA-CV-A45V-01A-21R-A24Z-07	-21.70653	11.029894
TCGA-CV-A45W-01A-11R-A24Z-07	28.822994	-6.5516014
TCGA-CV-A45X-01A-21R-A24Z-07	-17.898369	6.684478
TCGA-CV-A45Y-01A-11R-A24Z-07	-13.202889	16.874636
TCGA-CV-A45Z-01A-21R-A24Z-07	0.81808776	-24.87811
TCGA-CV-A460-01A-21R-A24Z-07	21.729343	-32.08871
TCGA-CV-A461-01A-41R-A266-07	7.315781	-18.005022
TCGA-CV-A463-01A-11R-A266-07	-27.176369	7.135252
TCGA-CV-A464-01A-11R-A266-07	14.429799	27.08312
TCGA-CV-A465-01A-11R-A266-07	-8.663455	41.782536
TCGA-CV-A468-01A-11R-A266-07	-5.74847	16.881378
TCGA-CV-A6JD-01A-11R-A31N-07	-12.036879	-1.150561
TCGA-CV-A6JE-01A-11R-A31N-07	-22.965939	-10.286983
TCGA-CV-A6JM-01A-11R-A31N-07	-24.79902	-12.918969
TCGA-CV-A6JN-01A-11R-A31N-07	-25.30478	-8.178824
TCGA-CV-A6JO-01B-11R-A34R-07	-35.82362	13.998237
TCGA-CV-A6JT-01A-11R-A31N-07	-20.573885	-7.800729
TCGA-CV-A6JU-01A-11R-A31N-07	-3.588298	-2.6922584
TCGA-CV-A6JY-01A-11R-A31N-07	-23.099384	8.416018
TCGA-CV-A6JZ-01A-11R-A31N-07	-4.673242	6.9555335
TCGA-CV-A6K0-01B-21R-A31N-07	6.01269	33.569805
TCGA-CV-A6K1-01A-11R-A31N-07	-26.829386	-11.917902
TCGA-CV-A6K2-01A-11R-A31N-07	-39.658344	4.559192
TCGA-CX-7082-01A-11R-2016-07	27.549765	7.133398
TCGA-CX-7085-01A-21R-2016-07	4.993018	30.593819
TCGA-CX-7086-01A-11R-2081-07	-17.445417	5.8606896
TCGA-CX-7219-01A-11R-2016-07	-2.7383244	24.756388
TCGA-CX-A4AQ-01A-11R-A24Z-07	8.262234	-44.00417
TCGA-D6-6515-01A-21R-1873-07	5.0560045	26.531012
TCGA-D6-6516-01A-11R-1873-07	-26.941101	18.590612
TCGA-D6-6517-01A-11R-1873-07	-33.925438	1.6795318
TCGA-D6-6823-01A-11R-1915-07	-5.9566135	-16.101572
TCGA-D6-6824-01A-11R-1915-07	23.294376	-19.997133
TCGA-D6-6825-01A-21R-1915-07	0.09165951	31.828043
TCGA-D6-6826-01A-11R-1915-07	-3.1997943	21.318832
TCGA-D6-6827-01A-11R-1915-07	19.045006	-40.63633
TCGA-D6-8568-01A-11R-2403-07	20.067858	36.522667
TCGA-D6-8569-01A-11R-2403-07	-5.42347	34.597027
TCGA-D6-A4Z9-01A-11R-A24Z-07	-4.7058835	40.206264
TCGA-D6-A4ZB-01A-11R-A24Z-07	-1.2206764	-9.629473
TCGA-D6-A6EK-01A-11R-A31N-07	-27.780107	-9.823389
TCGA-D6-A6EM-01A-21R-A31N-07	-4.5299654	-1.6274925
TCGA-D6-A6EN-01A-11R-A31N-07	-11.126352	-2.7598128
TCGA-D6-A6EO-01A-11R-A31N-07	7.604585	-15.157764
TCGA-D6-A6EP-01A-11R-A31N-07	5.0795345	-0.659943
TCGA-D6-A6EQ-01A-11R-A31N-07	-22.202572	-8.799575
TCGA-D6-A6ES-01A-12R-A31N-07	-25.67628	-13.293322
TCGA-D6-A74Q-01A-11R-A34R-07	-5.171993	-20.189999
TCGA-DQ-5624-01A-01R-1873-07	10.393173	41.009426
TCGA-DQ-5625-01A-01R-1873-07	14.345791	33.03452
TCGA-DQ-5629-01A-01R-1873-07	23.294268	-7.8327394
TCGA-DQ-5630-01A-01R-1873-07	15.033987	35.566666
TCGA-DQ-5631-01A-01R-1873-07	9.38667	13.559418
TCGA-DQ-7588-01A-11R-2081-07	-17.392519	37.15804
TCGA-DQ-7591-01A-11R-2081-07	22.0567	-36.025463
TCGA-DQ-7592-01A-11R-2081-07	8.816066	34.418804
TCGA-DQ-7593-01A-11R-2232-07	14.218659	-39.069942
TCGA-DQ-7596-01A-11R-2232-07	9.75672	-29.869362
TCGA-F7-7848-01A-11R-2132-07	6.782301	-23.466549
TCGA-F7-8298-01A-11R-2403-07	15.395053	18.630331
TCGA-F7-8489-01A-31R-2403-07	-17.312517	26.688818
TCGA-F7-A50G-01A-11R-A266-07	-19.66029	11.844049
TCGA-F7-A50I-01A-11R-A28V-07	-18.99359	-20.634853
TCGA-F7-A50J-01A-21R-A28V-07	-26.740683	-3.6153584
TCGA-F7-A61S-01A-11R-A28V-07	-24.200108	-3.733627
TCGA-F7-A61V-01A-11R-A28V-07	-17.302357	-40.432304
TCGA-F7-A61W-01A-11R-A28V-07	-15.236486	41.127373
TCGA-F7-A620-01A-11R-A28V-07	-2.9695137	15.837479
TCGA-F7-A622-01A-11R-A28V-07	-29.59855	-7.769572
TCGA-F7-A623-01A-11R-A28V-07	-17.023542	9.902278
TCGA-F7-A624-01A-22R-A30B-07	6.865565	-0.7086412
TCGA-H7-7774-01A-21R-2081-07	-21.809494	6.3193183
TCGA-H7-8501-01A-11R-2403-07	-11.680491	-4.260377
TCGA-H7-A6C4-01A-11R-A30B-07	0.15569592	38.923565
TCGA-H7-A6C4-11A-21R-A466-07	-21.674698	-32.810104
TCGA-H7-A6C5-11A-11R-A30B-07	35.822517	-28.708044
TCGA-H7-A76A-01A-51R-A34R-07	2.8280566	-43.071693
TCGA-HD-7229-01A-11R-2016-07	-20.545368	29.741817
TCGA-HD-7753-01A-11R-2081-07	-10.112983	28.228416
TCGA-HD-7754-01A-11R-2081-07	13.916023	-26.536089
TCGA-HD-7831-01A-11R-2132-07	12.760363	14.995579
TCGA-HD-7832-01A-11R-2132-07	-25.11495	33.793568
TCGA-HD-8224-01A-11R-2403-07	30.066471	-22.760921
TCGA-HD-8314-01A-11R-2403-07	27.070728	-20.891294
TCGA-HD-8634-01A-11R-2403-07	-27.34844	12.549991
TCGA-HD-8635-01A-11R-2403-07	20.733707	35.45814
TCGA-HD-8635-11A-01R-2403-07	-19.204859	-35.0113
TCGA-HD-A4C1-01A-11R-A24H-07	-30.046862	21.350695
TCGA-HD-A633-01A-11R-A28V-07	-12.078043	-11.933894
TCGA-HD-A634-01A-11R-A28V-07	6.802198	-2.3564394
TCGA-HD-A6HZ-01A-12R-A31N-07	12.620622	34.904423
TCGA-HD-A6HZ-11A-11R-A31N-07	-25.814598	-20.902435
TCGA-HD-A6I0-01A-11R-A31N-07	-25.816216	-9.575773
TCGA-HD-A6I0-11A-11R-A31N-07	-26.096489	-20.132221
TCGA-IQ-7630-01A-11R-2081-07	-21.910963	31.334827
TCGA-IQ-7631-01A-11R-2081-07	3.9062924	0.2372743
TCGA-IQ-7632-01A-11R-2081-07	-24.004707	10.555774
TCGA-IQ-A61E-01A-22R-A30B-07	-21.09167	33.605774
TCGA-IQ-A61G-01A-11R-A30B-07	-8.315628	-10.669149
TCGA-IQ-A61H-01A-11R-A30B-07	32.466534	-4.164945
TCGA-IQ-A61I-01A-11R-A30B-07	6.196842	-44.777973
TCGA-IQ-A61J-01A-11R-A30B-07	2.5940998	36.589573
TCGA-IQ-A61O-01A-11R-A30B-07	10.822757	10.18001
TCGA-IQ-A6SG-01A-12R-A34R-07	15.408603	-2.8977761
TCGA-IQ-A6SH-01A-12R-A34R-07	-24.467443	-5.1180162
TCGA-KU-A66S-01A-21R-A30B-07	7.180739	-3.1975965
TCGA-KU-A66T-01A-11R-A30B-07	-14.547413	-10.553647
TCGA-KU-A6H7-01A-11R-A31N-07	4.836035	-42.415882
TCGA-KU-A6H7-06A-21R-A31N-07	5.652095	-43.22707
TCGA-KU-A6H8-01A-21R-A34R-07	-23.028706	-32.797546
TCGA-MT-A51W-01A-21R-A266-07	-29.9665	12.357037
TCGA-MT-A51X-01A-11R-A266-07	-7.2648716	42.29351
TCGA-MT-A67A-01A-11R-A30B-07	-29.341072	-12.23449
TCGA-MT-A67D-01A-31R-A30B-07	-33.761898	-5.570397
TCGA-MT-A67F-01A-11R-A30B-07	-38.3877	9.991116
TCGA-MT-A7BN-01A-12R-A34R-07	3.0271852	-2.0136445
TCGA-MZ-A5BI-01A-31R-A34R-07	7.877959	-41.921066
TCGA-MZ-A6I9-01A-11R-A31N-07	2.0273612	-34.714397
TCGA-MZ-A7D7-01A-21R-A34R-07	-8.976156	-9.724638
TCGA-P3-A5Q5-01A-11R-A28V-07	4.1250944	-39.02453
TCGA-P3-A5Q6-01A-11R-A28V-07	-20.846487	-10.05265
TCGA-P3-A5QA-01A-11R-A28V-07	10.2755575	12.396647
TCGA-P3-A5QE-01A-11R-A28V-07	14.474422	-37.620014
TCGA-P3-A5QF-01A-11R-A28V-07	6.4714317	-30.650618
TCGA-P3-A6SW-01A-11R-A34R-07	5.507028	-39.00346
TCGA-P3-A6SX-01A-11R-A34R-07	-16.388237	41.771984
TCGA-P3-A6T0-01A-12R-A34R-07	-13.411873	25.995388
TCGA-P3-A6T2-01A-11R-A34R-07	-19.149971	32.430546
TCGA-P3-A6T3-01A-11R-A34R-07	-15.146479	38.627136
TCGA-P3-A6T4-01A-11R-A34R-07	-18.062391	8.478252
TCGA-P3-A6T5-01A-11R-A34R-07	-32.04228	-0.1657171
TCGA-P3-A6T6-01A-11R-A34R-07	2.1621325	-36.158325
TCGA-P3-A6T7-01A-11R-A34R-07	-31.378374	2.6707916
TCGA-P3-A6T8-01A-11R-A34R-07	18.276659	18.852585
TCGA-QK-A64Z-01A-11R-A30B-07	-17.073921	27.929808
TCGA-QK-A652-01A-11R-A30B-07	0.8301963	38.0643
TCGA-QK-A6IF-01A-11R-A31N-07	18.835032	-40.139137
TCGA-QK-A6IG-01A-11R-A31N-07	-8.454567	0.31579465
TCGA-QK-A6IH-01A-11R-A31N-07	-23.92916	-8.069123
TCGA-QK-A6II-01A-11R-A31N-07	-28.478075	-10.3497095
TCGA-QK-A6IJ-01A-11R-A31N-07	-26.689596	-8.298488
TCGA-QK-A6V9-01A-11R-A34R-07	14.110075	-36.73649
TCGA-QK-A6VB-01A-12R-A34R-07	9.820029	-15.429766
TCGA-QK-A6VC-01A-23R-A34R-07	-12.430969	-23.088223
TCGA-QK-A8Z7-01A-11R-A39I-07	18.259127	-10.158257
TCGA-QK-A8Z8-01A-11R-A39I-07	7.9228454	-16.431036
TCGA-QK-A8Z9-01B-11R-A39I-07	10.358562	16.492573
TCGA-QK-A8ZA-01A-11R-A39I-07	26.208693	-3.0927296
TCGA-QK-A8ZB-01A-11R-A39I-07	-16.27899	16.882423
TCGA-QK-AA3J-01A-11R-A39I-07	9.851043	-26.428806
TCGA-QK-AA3K-01A-11R-A39I-07	9.569229	8.432064
TCGA-RS-A6TO-01A-32R-A34R-07	-18.986723	-3.533117
TCGA-RS-A6TP-01A-12R-A34R-07	11.76089	-34.103718
TCGA-T2-A6WX-01A-12R-A34R-07	-13.106339	-2.5316586
TCGA-T2-A6WZ-01A-21R-A34R-07	-23.898567	-11.764719
TCGA-T2-A6X0-01A-11R-A34R-07	16.78209	-30.8436
TCGA-T2-A6X2-01A-12R-A34R-07	-28.534166	7.5827165
TCGA-T3-A92M-01A-31R-A39I-07	6.6633153	8.583481
TCGA-T3-A92N-01A-11R-A39I-07	-9.765965	-3.6187801
TCGA-TN-A7HI-01A-11R-A34R-07	3.7436798	-2.963946
TCGA-TN-A7HJ-01A-12R-A34R-07	-9.739794	-27.64543
TCGA-TN-A7HL-01A-11R-A34R-07	3.7446914	-40.901714
TCGA-UF-A718-01A-22R-A34R-07	-14.251294	16.820774
TCGA-UF-A719-01A-12R-A34R-07	8.435191	-16.18666
TCGA-UF-A71A-01A-22R-A34R-07	29.08045	1.6130329
TCGA-UF-A71A-06A-11R-A39I-07	28.860703	0.97680765
TCGA-UF-A71B-01A-12R-A34R-07	23.744911	-5.3865333
TCGA-UF-A71D-01A-12R-A34R-07	1.0220668	-21.482452
TCGA-UF-A71E-01A-31R-A34R-07	-0.9494677	-10.183693
TCGA-UF-A7J9-01A-12R-A34R-07	26.02226	7.241018
TCGA-UF-A7JA-01A-12R-A34R-07	6.2148566	7.419351
TCGA-UF-A7JC-01A-21R-A34R-07	-9.047242	39.788017
TCGA-UF-A7JD-01A-11R-A34R-07	11.686185	11.168014
TCGA-UF-A7JF-01A-11R-A34R-07	-8.362807	-20.619255
TCGA-UF-A7JH-01A-21R-A34R-07	-27.408205	-19.550537
TCGA-UF-A7JJ-01A-11R-A34R-07	3.462198	24.221277
TCGA-UF-A7JK-01A-11R-A34R-07	-13.741827	40.820415
TCGA-UF-A7JO-01A-11R-A34R-07	-14.741151	-3.9542623
TCGA-UF-A7JS-01A-11R-A34R-07	-24.663568	-10.736758
TCGA-UF-A7JT-01A-11R-A34R-07	-20.58506	-3.84688
TCGA-UF-A7JV-01A-11R-A34R-07	-12.227734	-0.0065206266
TCGA-UP-A6WW-01A-12R-A34R-07	4.937548	-44.168003
TCGA-WA-A7GZ-01A-11R-A34R-07	-12.115416	46.648174
TCGA-WA-A7GZ-11A-11R-A34R-07	-22.562355	-31.830753
TCGA-WA-A7H4-01A-21R-A34R-07	21.355072	34.620335
