sample_id	MDS1	MDS2	MDS3	MDS4	MDS5	MDS6
TCGA-4P-AA8J-01A-11R-A39I-07	-27.81599575101056	-21.165890437832445	-6.098131486621239	21.86237718385344	8.00833236441695	13.037955410248996
TCGA-BA-4074-01A-01R-1436-07	-33.766124873202024	7.236607062681648	-2.245591744639089	-15.422337190351248	20.89954676277221	61.04250298343144
TCGA-BA-4075-01A-01R-1436-07	-25.865766505488992	22.731974785097723	-18.421779146555167	-6.160226863456721	33.73879341198953	40.386853717342525
TCGA-BA-4076-01A-01R-1436-07	5.666942268855512	33.567107441892645	1.305177339884819	7.953131991767463	25.904907918136207	-0.7553694104167922
TCGA-BA-4077-01B-01R-1436-07	10.347484947057298	-27.824845518410395	-6.08721413335084	-7.348427919785339	-11.692740414553688	9.355162150390775
TCGA-BA-4078-01A-01R-1436-07	-33.33718351678069	3.8636923828116334	-0.1760404023738914	-20.63290910697689	-23.589622113921216	-12.388781307761704
TCGA-BA-5149-01A-01R-1514-07	6.439091040210188	14.004302612379648	-31.28055274063725	-4.762585589729241	3.214063114849004	17.155922052046332
TCGA-BA-5151-01A-01R-1436-07	28.911124026189217	13.760998732586916	-10.788172843810775	2.3834909594228195	-7.850941437548745	-14.603993128083497
TCGA-BA-5152-01A-02R-1873-07	10.897374900166518	-7.1723878892054	-2.584055089166762	1.3240478050195283	33.21588305498723	-17.07577227401304
TCGA-BA-5153-01A-01R-1436-07	4.535485963758109	-22.329904226990543	1.0581649634674313	-33.64214069035894	-31.80955590630862	-9.078789153887763
TCGA-BA-5555-01A-01R-1514-07	7.840675739812854	14.83270656900685	-1.8235114529915717	-22.393207474930254	-10.5904101973429	-25.244350693436186
TCGA-BA-5556-01A-01R-1514-07	28.03823154767664	-14.165456873372358	-12.832359893132876	-3.174568467451285	-1.5007280372851668	-5.938023958993042
TCGA-BA-5557-01A-01R-1514-07	19.952137623813897	-4.838388115901062	-2.784936521250164	36.554384457045394	-14.686441623170465	7.537936286375457
TCGA-BA-5558-01A-01R-1514-07	32.55881685687049	-4.034796847987647	-6.568936123264948	2.940260218813844	-4.7770086061725285	11.79155534351412
TCGA-BA-5559-01A-01R-1514-07	-21.415646350483502	-28.280061786743627	-4.557060540999883	-16.956278145083342	-21.74343776314974	-24.1963289805285
TCGA-BA-6868-01B-12R-1915-07	2.608013475353536	2.0882419012284164	-19.28444410840344	1.4700695088882263	-13.410803257124478	36.07033799933811
TCGA-BA-6869-01A-11R-1873-07	8.489661792684556	-8.795808643122776	34.86169753555402	-0.9319890704723004	1.9063709427464348	12.531552948973475
TCGA-BA-6870-01A-11R-1873-07	11.498690496927496	-2.7128115386906093	-0.3386394723022689	5.780526021274721	4.880819913543953	32.77017665541734
TCGA-BA-6871-01A-11R-1873-07	-45.14511852577055	-0.4949790288469245	-2.4882508668306555	-19.97279109910273	6.719589689275276	-15.523003268418885
TCGA-BA-6872-01A-11R-1873-07	-1.5156068376566505	10.519627705857667	-14.899675837681391	13.058445168744882	14.909014860343603	18.52040163232589
TCGA-BA-6873-01A-11R-1873-07	-1.0507785654199369	8.922023641223907	-34.77787430967106	-6.103801121640676	0.8703498893458085	-3.255230240000388
TCGA-BA-7269-01A-11R-2016-07	-38.75436942791685	5.296572967727203	19.8850074347614	31.86148334250156	36.77848041001042	10.356375888967802
TCGA-BA-A4IF-01A-11R-A266-07	7.174316669069369	26.189237795736368	13.862347585304336	-8.569827464675841	-12.27513632847856	6.668721687318512
TCGA-BA-A4IG-01A-11R-A266-07	15.7712660941632	9.932106390842238	19.347923585650257	-26.156035422444027	5.978653979355712	-4.331952634047441
TCGA-BA-A4IH-01A-11R-A266-07	-10.939647661041551	-10.582073186519224	10.87051964501972	-13.2872345985492	2.1185704920140145	-36.73086027543172
TCGA-BA-A4II-01A-11R-A266-07	16.493117219789642	17.783634950379156	21.762653485713752	7.226571107693158	-7.229595103397304	14.289706607701
TCGA-BA-A6D8-01A-31R-A31N-07	-47.447700355230936	-1.5779480310988905	30.65134060764233	5.179727713112521	35.44320604395048	22.168915151168623
TCGA-BA-A6DA-01A-31R-A31N-07	11.161649599676512	2.938062559946315	24.00211097731801	31.380541335496268	45.48397927342168	9.403025825366385
TCGA-BA-A6DB-01A-11R-A30B-07	-3.113220163597173	-15.015048507922064	7.928042518586218	25.818011417707737	11.4952876846976	-13.141674604057553
TCGA-BA-A6DD-01A-12R-A31N-07	5.747916014164926	-19.922328508195445	7.35701986446993	9.298872841289883	17.783478127990765	11.6591075069198
TCGA-BA-A6DE-01A-22R-A31N-07	18.020359069098557	4.054022632365782	7.034814266891631	-8.595254124213081	-13.390436180949136	30.16151172388586
TCGA-BA-A6DG-01A-21R-A30B-07	-16.09906707920003	-2.850156919261136	-13.673299644846775	31.92500741146568	-5.249849727146497	8.388668609175523
TCGA-BA-A6DI-01A-11R-A30B-07	23.860571090521816	-8.235352630688524	13.169456077095465	0.6322494950382788	-11.586514704923887	15.141676884961482
TCGA-BA-A6DJ-01A-11R-A30B-07	20.49335035517052	-1.714754709912028	-12.280747322713962	2.566846723355941	27.312814290677103	2.4949348332125867
TCGA-BA-A6DL-01A-21R-A30B-07	20.392260067688788	13.254983499566718	27.88845152009974	-7.8861605772559615	15.655317255950369	7.236487773190083
TCGA-BA-A8YP-01A-11R-A39I-07	-34.72328488232938	14.844793456855106	5.237903772887515	-11.06913862994192	-18.34955664628373	0.9495306147859304
TCGA-BB-4217-01A-11R-2081-07	2.769762845846908	-8.587976719459396	7.262080697647018	-10.465397455298383	-8.083571053716692	16.747869140350087
TCGA-BB-4223-01A-01R-1436-07	-13.460796911311698	-8.621269731729871	9.535140539819002	-35.83400619262501	-4.621819605911836	-25.03278518803454
TCGA-BB-4224-01A-01R-1436-07	5.751500388071206	18.55846976093276	9.984972717937907	-13.423622035898704	34.5816054126585	-30.816373349479893
TCGA-BB-4225-01A-01R-1436-07	-16.104341536728125	-32.91550575582413	0.1585726229268731	-33.12339463086148	2.5621735770361584	-12.318406176663132
TCGA-BB-4227-01A-01R-1873-07	6.305082147538824	26.98611670402104	5.522245967950656	-20.71256206103875	24.443980964247675	-10.89879170458221
TCGA-BB-4228-01A-01R-1436-07	-25.893897577668564	-16.46976725091975	23.92249897159997	-24.82440051172953	-8.563793025545765	2.2593103574841686
TCGA-BB-7870-01A-11R-2232-07	-4.509611920631352	18.005159696133752	37.29559343927077	-22.91554494438265	36.738311699739896	11.58899258237831
TCGA-BB-8596-01A-11R-2403-07	-14.657069898039028	-8.743064137536452	-8.936211434868307	10.342769747058782	-37.90907443588103	-2.2230102241909537
TCGA-BB-8601-01A-11R-2403-07	-12.826011131566444	38.049584601686576	38.457685001861286	-13.91056839784386	19.095972911681383	3.656220718946481
TCGA-BB-A5HU-01A-11R-A28V-07	-6.34661443186431	27.02805699951084	-27.893912821950234	7.72540332549887	-4.254339329592312	7.87926830993821
TCGA-BB-A5HY-01A-11R-A28V-07	-25.45840759350272	12.410805849463507	-9.83194765662402	-23.23472256077417	11.9158095039439	29.28342536110333
TCGA-BB-A5HZ-01A-21R-A28V-07	8.494155893156893	14.957042278078497	26.18027856281605	23.93775977884551	7.116564428339308	7.035351914733056
TCGA-BB-A6UM-01A-12R-A34R-07	15.651823592028132	-27.14482695849504	23.03229009818292	-24.75939796768566	13.406580725300802	0.3062224279332998
TCGA-BB-A6UO-01A-12R-A34R-07	-0.2665980017322702	4.817903467276285	-7.549405440880005	13.850251092229495	30.453025710601864	13.032914824683184
TCGA-C9-A47Z-01A-11R-A24H-07	28.823819067933783	20.18085834397793	-10.639970702029306	14.577142651179518	2.523871158433245	-1.9029205260814392
TCGA-C9-A480-01A-12R-A24H-07	21.9623728173007	10.793213618564035	-5.876348243709052	15.849863156494916	13.694568036472116	-22.431631845920577
TCGA-CN-4723-01A-01R-1436-07	-4.753311685336254	4.168391466482518	-11.82807897828937	-14.554616099421423	-19.641605815337456	9.977169031031888
TCGA-CN-4725-01A-01R-1436-07	8.622916906494565	36.01218152738901	-11.643907467620789	18.1629386977495	-6.210482600267136	-4.371960626020815
TCGA-CN-4726-01A-01R-1436-07	11.209595078759422	22.31861086223533	-1.8396793712866384	37.94943992238071	14.499215081957528	-8.855994843092521
TCGA-CN-4727-01A-01R-1436-07	-5.708707417841362	36.26112991203586	-3.918917234419959	-11.875568016989307	12.971983255103222	-20.627251406716677
TCGA-CN-4728-01A-01R-1436-07	-17.793442798887078	-14.376639489135895	-4.030933973912652	13.937426270996582	-23.86778526186737	-8.064868849596067
TCGA-CN-4729-01A-01R-1436-07	15.964984829421567	22.46509985505861	6.618122385177368	16.918640989121002	-10.42995266332187	-4.900433614687988
TCGA-CN-4730-01A-01R-1436-07	0.1114282878566312	34.17582129426744	10.880672131453196	-7.225847797756598	18.309457853404783	13.70612046589448
TCGA-CN-4731-01A-01R-1436-07	4.025601630927428	-8.080502171946542	9.975367224983003	7.881234792467122	-18.3343810671792	32.42239570439583
TCGA-CN-4733-01A-02R-1873-07	-7.215062067059135	-19.73660361400005	-24.59051903287821	4.423621026789781	-11.152853789574271	-8.596383162986578
TCGA-CN-4734-01A-01R-1436-07	27.87851905033361	-2.765353713021014	-24.4958105785416	0.3581013690328081	5.32167803164762	0.0108197793624166
TCGA-CN-4735-01A-01R-1436-07	-27.32538868191511	-13.810390615746556	-5.108848689286756	-26.258959135006894	-23.301365236709056	-5.117374493230051
TCGA-CN-4736-01A-01R-1436-07	-1.2066893932486615	-16.131178973789257	-18.501524115327207	19.121669380342805	-4.663829635630661	-21.519096405286717
TCGA-CN-4737-01A-01R-1436-07	0.8968723971378624	11.013270148684544	-6.00716944781552	29.10722915396188	-25.199372829132404	-10.90362908909164
TCGA-CN-4738-01A-02R-1514-07	28.393000559218383	-5.29023831491712	-7.9502603471672275	-10.125295444649431	-21.21179454052454	-2.007159737534125
TCGA-CN-4739-01A-02R-1514-07	15.738159246989325	-1.3198571412931377	23.280851980942145	-10.67002629503875	-21.906366120821566	-10.942377274863643
TCGA-CN-4740-01A-01R-1436-07	-10.801686552610397	-7.24884885319974	1.0164320480260165	25.85633943348941	-12.378153298421916	-19.968519368926927
TCGA-CN-4741-01A-01R-1436-07	26.6109159391038	-4.353891285941032	10.899406991527556	-12.381135225124792	-22.814504078003875	-8.900003886163528
TCGA-CN-4742-01A-02R-1514-07	13.800675238945074	4.378398105203157	-16.24750520777948	26.084433174484342	-19.728466625071334	8.394806700531532
TCGA-CN-5355-01A-01R-1436-07	1.7755370720162078	19.6465514106142	-5.730786762725411	18.30354039844535	-22.088031555369888	-1.46160691545349
TCGA-CN-5356-01A-01R-1436-07	7.059675806627506	31.6443478822377	-5.39277330876523	-8.280276740197376	-13.105875514475466	-12.306241988598822
TCGA-CN-5358-01A-01R-1514-07	2.304688562147492	-9.748641208296116	-8.52306039954838	18.67780775690009	-23.76168922740072	-21.44472629179788
TCGA-CN-5359-01A-01R-1436-07	2.6512725926931417	4.488000097385672	-11.72187301251729	0.745105208222724	-28.49864185766374	-18.70855205124824
TCGA-CN-5360-01A-01R-1436-07	-1.9151126090907835	-11.576678763596604	11.85661050234976	4.156450007495072	-36.03664527927808	-30.05486737122463
TCGA-CN-5361-01A-01R-1436-07	-6.069642508921892	-12.936340693340796	-21.88499600612377	-7.261341536867714	-29.08207891596451	13.539786103990348
TCGA-CN-5363-01A-01R-1436-07	-18.2624095764818	-1.8221913817940316	-36.816533570974485	-10.684423960056815	1.0648463708809963	-2.4866115682321834
TCGA-CN-5364-01A-01R-1436-07	5.737509390321291	7.111195490513696	-8.035568948631605	-25.938686606991126	-5.337171010734221	12.760617620555092
TCGA-CN-5365-01A-01R-1436-07	21.601419914355105	1.342259959892104	-11.489416267057004	-1.5137480395893783	22.066603811653263	19.364567406625643
TCGA-CN-5366-01A-01R-1436-07	-4.060513600230605	13.081566810166748	-25.90631600526989	12.487460543726598	-3.040179848914213	6.172370083179663
TCGA-CN-5367-01A-01R-1436-07	-4.8874251957199215	13.009123406763695	-23.25636345819004	-4.0343043226673245	7.138052788367972	-18.71714391118861
TCGA-CN-5369-01A-01R-1436-07	19.986183561106763	-16.841286952015743	-10.168234483280267	6.2291577893307455	1.0505490465334095	-0.8430221772505535
TCGA-CN-5370-01A-01R-2016-07	-2.483697465703353	-9.1592764230241	-23.72907145897589	8.700942246440317	-9.075297166240295	-20.028821833546484
TCGA-CN-5373-01A-01R-1436-07	27.732279071737334	-9.546063980029034	-13.652754147097795	18.188890430016272	-22.22265475016585	-12.62734053049354
TCGA-CN-5374-01A-01R-1436-07	-3.175137789624318	-12.80072726455233	20.33540100873407	-10.071825997982174	17.67092115347845	-29.951754096811356
TCGA-CN-6010-01A-11R-1686-07	-13.413518524183504	16.628143104692796	12.626381899966448	-11.101587148034216	-30.1940344760434	-13.575889680171445
TCGA-CN-6011-01A-11R-1686-07	26.511877909839747	-9.147554891708223	-20.245062429830984	-15.9752530698029	-10.522622048698608	23.52478932593509
TCGA-CN-6012-01A-11R-1686-07	-3.0299001538155963	-0.8756378839650593	24.39841664444152	-5.053458420334799	-18.65786607870476	-19.82394871547557
TCGA-CN-6013-01A-11R-1686-07	21.820883390860583	-31.964591952344325	-6.334724991169539	0.6658833492562424	-15.506764826330029	-1.802645306498744
TCGA-CN-6016-01A-11R-1686-07	-16.493285859150124	-17.136837714334444	-16.453073271194068	34.32236763896107	-20.390703079723732	-11.83977111783385
TCGA-CN-6017-01A-11R-1686-07	-17.063331305471014	-28.73953224366593	-21.138198443754725	14.8812888519677	-11.836598300872192	-22.002413846168277
TCGA-CN-6018-01A-11R-1686-07	-6.387395462297539	-10.284705190003072	-35.69446269835788	-4.473933935667792	-12.600033488442069	3.957103452717501
TCGA-CN-6019-01A-11R-1686-07	-20.56028069373013	-14.23164706528785	10.582906402960475	26.105568626293422	-23.13511937473559	-13.905506233672089
TCGA-CN-6020-01A-11R-1686-07	18.621412746059413	-4.819328677598382	1.594156329104156	9.82276766462063	-19.83331091692811	10.505424423258864
TCGA-CN-6021-01A-11R-1686-07	9.346979052816668	17.188220710060204	30.2776489839126	-0.7660509818152202	-18.047869088717448	-15.1842192477872
TCGA-CN-6022-01A-21R-1686-07	-21.9677405437406	-6.229416793224491	-22.48965568377527	6.226502852581819	-20.61741828058796	11.092614285617923
TCGA-CN-6023-01A-11R-1686-07	-24.29927100780814	12.131226776920794	1.7745480027601304	-40.27887560627934	-1.503033788345666	-24.8119213293988
TCGA-CN-6024-01A-11R-1686-07	-18.16569896382506	26.66360725910756	15.22063268505799	18.95382042144867	-10.260060074086416	-10.581238251391389
TCGA-CN-6988-01A-11R-1915-07	20.385456139541525	10.07865277663588	36.80126854695524	-6.712202263741226	-18.353056200608275	1.3382693975953612
TCGA-CN-6989-01A-11R-1915-07	-22.251925010257946	6.955375617294682	-10.84983302561219	4.267894388563542	-24.769617196919118	-10.354629700996217
TCGA-CN-6992-01A-11R-1915-07	-12.414647739093652	20.750369016375856	24.646833175997653	-8.56772313334384	-19.27794891118911	-13.54555296759364
TCGA-CN-6994-01A-11R-1915-07	13.19279908717465	-8.433555626753966	4.939984882685026	4.9178863357574025	-32.790363790218734	13.097418477996824
TCGA-CN-6995-01A-31R-2016-07	11.131384117415758	-24.539426796372684	-13.756640004374074	-7.727666829314958	3.7880087634369137	23.81875359222221
TCGA-CN-6996-01A-11R-1915-07	11.943752907174868	-4.999509659106022	-25.761002416224912	7.488272172683028	-13.229502730423386	-18.9201300737446
TCGA-CN-6997-01A-11R-2016-07	-13.853367962696764	27.369160512512813	-1.3988225585641565	-24.502000245936834	-20.714928305157255	-3.4025027017501017
TCGA-CN-6998-01A-23R-2016-07	33.15585508245965	12.389647647115984	-15.457327964703383	17.70139137576418	10.33595964383636	1.040697218388984
TCGA-CN-A497-01A-11R-A24H-07	-20.336480049807744	14.0993305004718	4.527704303283644	-19.14921413497066	-5.411060244028112	-28.27717793789065
TCGA-CN-A498-01A-11R-A24H-07	21.484761566329716	17.647806604703046	-6.242288559756624	-5.033340406475632	-6.484694095566614	-20.231906538241933
TCGA-CN-A499-01A-11R-A24H-07	19.517602986033097	-1.9088880737249443	-13.475597142502226	-27.54478727811642	-0.2693523901779435	-7.665341393571976
TCGA-CN-A49A-01A-11R-A24H-07	-26.118922720290684	27.195933521422887	-3.178596454773849	1.9601444974418616	-12.66025248222994	4.957984966898082
TCGA-CN-A49B-01A-31R-A24H-07	8.920291382027184	-21.96601702659306	-4.573026379848876	-19.951915659010357	6.983654040178548	14.874541819753652
TCGA-CN-A49C-01A-11R-A24H-07	16.53131462560956	-15.5963893468422	20.39229901601662	-25.606078778044672	5.335461101921805	9.754717914356018
TCGA-CN-A63T-01A-11R-A28V-07	-3.737937418666221	-11.862313303194757	19.86436680146907	10.160924242163135	5.965500437392204	9.901545617230234
TCGA-CN-A63U-01A-11R-A30B-07	-19.41317662253347	6.542186734578412	36.91339547404911	-33.06468944496901	8.047252566482626	22.909595539236715
TCGA-CN-A63V-01A-11R-A466-07	-23.03800473306605	7.646771127469792	6.465570063301266	28.849469062844328	15.157295080768623	2.7920125924723007
TCGA-CN-A63W-01A-11R-A30B-07	4.729985224300629	12.047688392191406	13.396173451698065	2.299990949200589	8.41189044752066	21.06830302665624
TCGA-CN-A641-01A-11R-A30B-07	12.219762989393717	21.409291569757443	33.817289164827216	-1.559774623780668	14.435777457601198	-5.464527137954543
TCGA-CN-A642-01A-12R-A30B-07	-20.52074359417252	1.657856686563772	-15.226913725623598	-6.89482358707521	36.20866628988914	-9.27063414960796
TCGA-CN-A6UY-01A-12R-A34R-07	-21.99877777740957	-42.67554965236969	20.84321321137228	-26.172738661563205	23.944677421182075	11.1727445296478
TCGA-CN-A6V1-01A-12R-A34R-07	-12.377081859781072	-35.283757248798615	25.361431840151745	-10.38940578607092	32.690584338327135	-11.580849423242894
TCGA-CN-A6V3-01A-12R-A34R-07	21.66863289038932	-3.6000912289519067	-6.538210103243105	-13.91425044836637	8.722718568861005	-20.556540238075566
TCGA-CN-A6V6-01A-12R-A34R-07	1.7803213283864932	-29.166942009666123	16.370091891492976	-5.84161358890121	-0.4320313906330896	-18.26465745253328
TCGA-CN-A6V7-01A-12R-A34R-07	3.906064542032325	0.3256386121279589	26.71488096806516	-46.59789668737851	14.77000413214613	-1.9074899147263809
TCGA-CQ-5323-01A-01R-1686-07	24.50154409133112	-1.4976193536094324	9.120855524932113	-14.69567673516656	-8.558927365530728	-10.325564588276668
TCGA-CQ-5324-01A-01R-1686-07	11.04108944734438	2.1632635196458665	22.88282452894877	20.1848942860092	-1.0629679191229031	-15.50406015143479
TCGA-CQ-5325-01A-01R-1686-07	2.052333154106424	-16.868077868958906	-18.341113990280228	15.479676269498237	2.7704777507467444	-16.168657910280604
TCGA-CQ-5326-01A-01R-1873-07	20.188022897237307	15.697278518810588	-23.44258467965379	-12.10089336514669	-12.617693018455638	10.27048552920876
TCGA-CQ-5327-01A-01R-1686-07	12.061595411619209	-8.498155402297348	-2.4858408432736434	10.165744655695349	24.864869667487607	-13.299429579608336
TCGA-CQ-5329-01A-01R-1686-07	-13.833551410194875	1.800561767228423	-25.451528227911677	6.611601303373377	17.030307576212184	-12.91973117466857
TCGA-CQ-5330-01A-01R-1686-07	-14.197554923882052	-13.03449553040942	-31.387562426309128	11.544121123245048	-4.101273206907279	-3.886828124932387
TCGA-CQ-5331-01A-02R-1873-07	26.174360313780785	-7.763349280814235	-10.795835669710003	1.424008746148794	10.687916895784625	-17.08684142220056
TCGA-CQ-5332-01A-01R-1686-07	-11.800456400531182	26.436291868866164	26.12004405409077	5.775766625308132	-11.798857002201018	-1.8018811013671328
TCGA-CQ-5333-01A-01R-2403-07	-21.538219576895703	-28.31884385617912	-19.579714966729732	11.802782046490195	23.52104793564087	-9.221583262841357
TCGA-CQ-5334-01A-01R-1686-07	8.991250482504165	-7.609625662216369	-32.325338100284704	-4.229581581578657	1.7128251421454197	-12.515714483654827
TCGA-CQ-6218-01A-11R-1915-07	22.57014460502242	-8.063671667517468	-3.755890696694341	20.28556368999352	7.939037321676977	3.386066002163757
TCGA-CQ-6219-01A-11R-1915-07	-7.029599421718945	-14.433015214043149	-16.702824225886413	2.5675151285903004	14.13186341109358	-10.688179855509391
TCGA-CQ-6220-01A-11R-1915-07	35.71117243806254	6.2621119727287216	-4.833346573061544	5.880640737579948	-0.8099952114404528	12.58950662862426
TCGA-CQ-6221-01A-11R-2081-07	-76.14722409427671	-9.73698516228486	-24.255737712871493	-3.515904949152197	-31.35209177124281	13.859341438178596
TCGA-CQ-6222-01A-11R-1915-07	5.519372928783857	-23.965151110849405	9.555271897483664	27.626868100705327	3.585441338770332	-22.870497341220005
TCGA-CQ-6223-01A-11R-1915-07	43.56171173781092	0.025593737106415	5.763403505745394	1.5509970566348523	-7.7159765061429475	2.4867872577446506
TCGA-CQ-6224-01A-11R-1915-07	-23.854305915076253	-5.743878378445891	-33.06262536560814	15.891803771785236	-7.305807099178953	-1.56928758908569
TCGA-CQ-6225-01A-11R-1915-07	1.7808205456918147	20.53739551054885	43.766132110182944	-1.968051561220476	7.924772760421652	11.409046797990046
TCGA-CQ-6227-01A-11R-1915-07	-9.184466052119737	6.070206859104995	-10.36588969826985	32.25756814222279	-8.571927367061061	1.999305003542964
TCGA-CQ-6228-01A-11R-1915-07	-11.85112035656546	7.914435089663763	39.92137074768398	-0.6245354190941156	-12.71616195226296	12.225280524490673
TCGA-CQ-6229-01A-11R-1915-07	12.38289461414162	5.115930783856895	-7.76709664050502	26.3185997950339	5.515217466807667	-12.858925573495917
TCGA-CQ-7063-01A-11R-2403-07	29.35245714245366	-7.700514052813828	-17.237332078914328	4.42257245050012	6.823530998868315	-7.248688860527215
TCGA-CQ-7065-01A-11R-2081-07	12.476408226894645	15.407852380988649	2.598161443028168	28.742052890623167	-6.429672572782128	27.39002417647261
TCGA-CQ-7068-01A-11R-2081-07	14.284576927387832	-15.276560395803507	-17.291579404678867	-16.242445177104536	19.370725350864213	-8.329636678823613
TCGA-CQ-7069-01A-11R-2403-07	21.950573131900523	15.474159494326411	-31.269297516380423	17.61043527592397	-22.925054334522493	13.86304465574076
TCGA-CQ-7071-01A-12R-A30B-07	24.620190009958595	8.989040199550598	-4.631468759929834	12.46663063569741	11.740290892442292	-13.633997474938424
TCGA-CQ-7072-01A-21R-A30B-07	-40.083095707273074	10.367744165556395	-13.234134280302856	6.963908841108681	-22.74876399687129	1.991838981421252
TCGA-CQ-A4C6-01A-11R-A24Z-07	13.116144093477129	1.1338739861845968	-30.707338827792487	14.474024921148423	5.170693847477259	0.619404007309686
TCGA-CQ-A4C7-01A-11R-A24Z-07	-9.63533144168662	-4.948171301339962	-28.162120471668626	6.393108949236597	-2.686840420252471	6.976336770192114
TCGA-CQ-A4C9-01A-11R-A24Z-07	0.7812174159169343	-3.9237532964015553	30.778230739925853	2.518562236455344	-5.03250624048453	-5.142589975497883
TCGA-CQ-A4CB-01A-11R-A24Z-07	-7.960166217835316	-1.7228674141794071	-27.310504647989507	-16.09445214030099	-5.046649535237664	15.455545287531155
TCGA-CQ-A4CD-01A-21R-A24Z-07	4.914974173758469	-6.078122203996111	-20.915177918826444	-24.06774944460034	26.1241212180414	11.573021458007592
TCGA-CQ-A4CE-01A-11R-A266-07	27.592720957635844	4.548521645825875	15.878983658521948	10.780119749713249	10.158303367027596	-12.249892140992982
TCGA-CQ-A4CG-01A-11R-A266-07	-0.5459730125203851	25.110998118130848	-27.31851384813487	-18.70734611006721	-7.333904203722105	-3.849743943211673
TCGA-CQ-A4CH-01A-11R-A266-07	6.7317637725037365	28.727892862405817	-19.646282583509045	0.1842083086107505	-3.701796405736201	-8.028989243508915
TCGA-CQ-A4CI-01A-11R-A266-07	-27.730985305148	31.34426078749142	12.666693344659004	-18.635580927130096	0.7564205698282038	-1.8301782459486924
TCGA-CR-5243-01A-01R-1514-07	-4.526674015983655	-15.306257217979375	-7.412307770653266	-22.83282210916551	-29.06507891200093	-14.452434474562532
TCGA-CR-5247-01A-01R-2016-07	-16.677810450830634	24.714496544014303	4.699616174061708	19.985352391316965	-5.148379674863451	17.83707649802355
TCGA-CR-5248-01A-01R-2016-07	-0.3824091063088183	-15.486070148450391	11.479834648322516	-32.59620970003152	7.625009936890078	-24.245153252595976
TCGA-CR-5249-01A-01R-1514-07	14.023341469567228	-15.204132144130917	4.961545962862129	-16.10381348202465	-22.81821177657357	-12.47994635639759
TCGA-CR-5250-01A-01R-1514-07	1.0515171862767232	-24.70255205056142	7.636222600387152	-19.591370598286424	-28.07871151912905	-9.53310027080151
TCGA-CR-6467-01A-11R-1873-07	-16.928089710910815	-20.44074234085092	13.529724205960129	-38.02696878614196	-9.49134837539662	-9.679531239685156
TCGA-CR-6470-01A-11R-1873-07	-15.565838701366914	-19.43794558083336	-4.368374835789758	-25.47322095732326	-21.37417894671199	-15.58477716193768
TCGA-CR-6471-01A-11R-1873-07	28.62992225667121	-6.692796101724103	-4.087557803081996	1.511877643043522	-10.462099212352532	-20.719037129756423
TCGA-CR-6472-01A-11R-1873-07	-14.106296387727404	4.930927341615652	40.02240213964037	-35.473580460239724	-5.538005820919772	-11.8994840780368
TCGA-CR-6473-01A-11R-1873-07	-6.524889922125947	-3.221844856243873	4.03917285682034	-44.59336901170286	-7.603063874613787	13.608483168039092
TCGA-CR-6474-01A-11R-1873-07	-16.80624355936322	3.895747606883568	-25.35734065858536	19.596960689644703	-22.462231672314555	12.530998290187444
TCGA-CR-6477-01A-11R-1873-07	4.664150179276444	16.635051539122408	-32.076013042929645	7.077069364439981	-14.997531357186883	-5.293569697448648
TCGA-CR-6478-01A-11R-1873-07	2.5481102885797853	-8.850592028609437	-30.04636881321108	-23.82236894680242	-5.061509425227037	-2.414052830801263
TCGA-CR-6480-01A-11R-1873-07	25.60223236336533	-18.428509401885005	17.255282025905206	-27.686096943726024	-20.40584699877227	-13.72143970033976
TCGA-CR-6481-01A-11R-1873-07	1.252877004656331	-19.05518996563622	-5.092864116378802	-20.382676661029706	-5.235102013498469	-23.443238318836933
TCGA-CR-6482-01A-11R-1873-07	-14.28611014861551	-12.33102590067256	-2.540092931829577	-17.72328288025642	-11.105090551033022	-31.386689999331796
TCGA-CR-6484-01A-11R-1873-07	15.801605495833558	-29.45817787031044	-4.070256605963526	-0.4575242546965151	-10.261672546405558	-13.70881643853218
TCGA-CR-6487-01A-11R-1873-07	-28.745161240418707	-18.580620173794397	-4.309633129900075	-36.72597208343187	-3.0114258861538774	-26.356209460025543
TCGA-CR-6488-01A-12R-2081-07	4.310745286016589	0.4207116729131935	-15.306905815463267	23.84722473464743	-27.536789819167844	-6.667379918003541
TCGA-CR-6491-01A-11R-1873-07	24.567455633331807	18.804053251299507	1.0783304781950298	5.359758571696012	2.470084057453676	16.49574404627185
TCGA-CR-6492-01A-12R-2081-07	22.3190399031476	-12.159193188413951	3.654792010191161	4.357645610179667	-2.593068425736402	0.7835095468474654
TCGA-CR-6493-01A-11R-1873-07	16.572768819549076	22.32036306833537	-18.34721433008486	-11.3110125320548	7.542418027499245	15.145476818995387
TCGA-CR-7364-01A-11R-2016-07	18.9515566201848	7.881598774375873	18.89285765550831	0.3700457439122134	-32.10390941893791	-3.1509220113500715
TCGA-CR-7365-01A-11R-2016-07	12.48011001722146	17.27042573765298	-15.541572068016412	18.924779319972256	-14.558695053442856	-0.5281496202170093
TCGA-CR-7367-01A-11R-2016-07	9.0366467022369	15.956723177784005	-4.538785109337125	15.324311991515984	-17.60458566361084	-24.42616306248063
TCGA-CR-7368-01A-11R-2132-07	27.8374039846677	0.8790805564436248	-2.0388904645568804	-20.922332988359724	-27.012909639033182	-12.99334620855658
TCGA-CR-7369-01A-11R-2132-07	18.784189017710187	9.78580583639417	0.5184358849745524	-4.162715560315897	-25.693320331347056	-3.555963132676601
TCGA-CR-7370-01A-11R-2132-07	-8.419327532013394	14.401081899153134	7.023071483972127	-18.72954280008746	-31.8905537540892	-21.631978598265466
TCGA-CR-7371-01A-11R-2016-07	3.69362533523344	2.2484304737047958	9.881443121111056	-1.7530196879050322	-28.847176005870267	-12.002372271073734
TCGA-CR-7372-01A-11R-2016-07	11.476667146683024	13.240304040181185	-0.2551826097039476	22.803753499751373	-21.833337172713904	-7.145975546177184
TCGA-CR-7373-01A-11R-2016-07	13.634798508768016	0.8763692627942696	-32.57148939555998	-15.602930387943694	7.019650022874797	0.795001351299197
TCGA-CR-7374-01A-11R-2016-07	-7.456376358695616	10.804704883762362	11.63697588252664	-25.198015994077096	-24.378830512333547	-12.194788188704178
TCGA-CR-7376-01A-11R-2132-07	-3.218153085806964	-17.436624046204233	-20.31310293977942	8.571754642252415	-28.904372529394408	-19.11724305342023
TCGA-CR-7377-01A-11R-2016-07	0.6612897532615192	-14.86606583089738	-14.587167593519055	16.858469169524376	-19.343503868066573	-7.0670196189757055
TCGA-CR-7379-01A-11R-2016-07	1.902089982892232	23.734428547569607	-5.139852114277986	14.243383373742107	-13.814937270516207	5.380523445333656
TCGA-CR-7380-01A-11R-2016-07	16.387338921593614	16.202068230082368	-20.002739929731145	-2.0968634454953268	-14.702380613396809	-10.077316519674511
TCGA-CR-7382-01A-11R-2132-07	-11.197833553345935	-11.69782581109646	-35.81952820992528	-4.603367382332818	-23.95215699620253	-14.6815430827899
TCGA-CR-7383-01A-11R-2132-07	-27.50924657083422	-5.074561119717401	-10.113096990023683	11.554433662192984	6.355675163798015	-4.241299570767118
TCGA-CR-7385-01A-11R-2016-07	14.746073618577247	-13.526719851552732	20.66885673362566	-26.35643659845748	-3.0259784414841278	-16.01594683322038
TCGA-CR-7386-01A-11R-2016-07	2.7642232781833505	-14.279422412422756	-20.90400855297503	24.53436638093976	-18.16250596298542	-7.275148378123531
TCGA-CR-7388-01A-11R-2016-07	7.401055677810453	-2.586653109775305	8.536457486482144	1.9622320614556488	-19.844082396053896	-11.388802715127849
TCGA-CR-7389-01A-11R-2016-07	16.956580915327628	-12.796531174233335	5.918639003177004	13.154604408781182	-32.93217890538059	-4.731302441905167
TCGA-CR-7390-01A-11R-2016-07	11.869810902537388	30.850586414950133	-0.0160239371140238	1.7525465880261673	-25.02889352160472	1.1790559634616775
TCGA-CR-7391-01A-11R-2016-07	14.599208587775564	-9.623944203789865	6.826017042455856	22.13180184277202	-11.878847222270077	-20.09620807450105
TCGA-CR-7392-01A-11R-2016-07	8.76732474780705	-7.846111233714121	-22.9564886824318	9.930798910398746	-25.147411266104974	-7.514434605922536
TCGA-CR-7394-01A-11R-2016-07	24.003505848212203	-5.564286590313625	-7.2694118669676255	14.057334123829795	-14.98235385955939	-20.713957900693792
TCGA-CR-7395-01A-11R-2016-07	17.79439365620757	-2.722587290548048	-14.093686953464369	9.520318700209488	4.366617746223927	-12.736058761962644
TCGA-CR-7397-01A-11R-2016-07	2.923051750768835	-5.990442706961024	-1.0053076093838087	24.34557229032992	-22.31774474080638	-9.110552836639386
TCGA-CR-7398-01A-11R-2016-07	-14.448871435435402	19.52424691578161	0.0335637076590707	-27.781377607062428	-26.071780396734628	5.5029911431187735
TCGA-CR-7399-01A-11R-2016-07	-25.43571161239753	-4.668918329101521	-8.59490038197458	-36.66205029642338	-4.069637174071613	-2.661047279485205
TCGA-CR-7401-01A-11R-2016-07	1.4169534880919814	1.576397997855245	-7.703716782361781	30.13063568444619	-5.256329463745081	-3.0694530199811623
TCGA-CR-7402-01A-11R-2016-07	6.420651255570456	5.029404005718716	-0.13970160572877	-23.79543053960068	-14.846397843312015	-25.14723416240136
TCGA-CR-7404-01A-11R-2132-07	5.249494032681791	-9.78994379845166	6.841842187472972	-23.705253271417305	-13.778923453285271	-12.119056565152372
TCGA-CV-5430-01A-02R-1686-07	-14.17316636783547	-26.4189300500529	20.79783064771173	-22.175152562861545	-27.64373541596011	0.258876946158113
TCGA-CV-5432-01A-02R-1686-07	-12.20775982212343	24.86045067728172	23.6825349226086	4.075126488656637	0.510847841668727	14.266968143523416
TCGA-CV-5434-01A-01R-1686-07	-26.08884514722526	4.062034704097711	4.755109069595517	7.527370303291361	-14.760552568405249	-23.1565531000898
TCGA-CV-5435-01A-01R-1686-07	-23.175609751559907	30.30038406664624	-10.838866025390072	-8.768095474733071	-25.22753981696815	-10.51505883392302
TCGA-CV-5436-01A-01R-1514-07	-12.616111244219182	21.590748194414584	-23.21150738149728	0.311094706504438	4.009194473438885	18.081565886196767
TCGA-CV-5439-01A-01R-1686-07	33.32048018731577	-3.415764691373944	4.199656953936879	-8.021019989762351	17.751183705624346	-25.97321919276097
TCGA-CV-5440-01A-01R-1514-07	-17.060496191511767	16.8443907097996	10.386562120521695	16.643345136941274	4.046052534935169	-30.89274007521102
TCGA-CV-5441-01A-01R-1514-07	-6.777600086572431	12.052832403060268	12.787435840981312	-6.467995410683039	-3.0259519087599167	34.28989449170687
TCGA-CV-5442-01A-01R-1514-07	39.66195816417923	32.68249899475948	12.241256230512318	-32.75791929131782	16.18642101919996	6.034064397587166
TCGA-CV-5443-01A-01R-1514-07	-18.298031739021003	-29.669247600364937	3.8688604736222327	-25.007516265241065	-10.050152939765946	-4.18056041473695
TCGA-CV-5444-01A-02R-1514-07	-14.467554811152132	-16.458344745881842	-23.649680698141395	17.589570090395828	-12.924842383427814	-14.70336746551549
TCGA-CV-5966-01A-11R-1686-07	-16.281044688276786	-6.570909605322196	-30.343929052415252	-18.682837217596287	21.680416052019726	19.09755144524093
TCGA-CV-5970-01A-11R-1686-07	21.436033399738964	3.788615595477536	-9.908191790010422	21.267443866249916	-18.61866658637422	-2.0047832980537166
TCGA-CV-5971-01A-11R-1686-07	-36.82243751526605	-20.28121457295541	-13.795314771351984	20.172745239568528	-9.041252623303723	-29.64003366926062
TCGA-CV-5973-01A-11R-1686-07	18.04476235430126	-8.964111115797696	21.559906634192743	33.65277796202791	20.98425462340621	29.82385532406732
TCGA-CV-5976-01A-11R-1686-07	-6.471113749523028	13.13110840567056	-13.592778415956028	21.101981472606	4.719263758347886	-1.9092643970722565
TCGA-CV-5977-01A-11R-1686-07	8.535348185378567	9.191731354001622	-22.442486818399733	-8.655578947196306	23.511232902374537	21.45969688088221
TCGA-CV-5978-01A-11R-1686-07	-15.97999058486912	12.0364430915925	-4.565457355665225	-5.68837289834441	-27.21839319155632	-23.30582019867222
TCGA-CV-5979-01A-11R-1686-07	8.202169206089524	4.794284061484439	-27.09848049959972	5.318400934289556	-3.2595761001241126	27.87976544585636
TCGA-CV-6003-01A-11R-1686-07	4.421786293695813	7.973723650223526	-15.28671897218328	-7.340089213698396	11.294487415597477	36.96947204520679
TCGA-CV-6433-01A-11R-1686-07	-9.136999866623132	-30.1720025998088	0.3220819444948771	-40.281575256249546	5.567808125132039	3.1533238139807382
TCGA-CV-6436-01A-11R-1686-07	14.872372485325098	-11.21600899935991	10.418412859246638	12.351642852237667	51.62874306426468	6.192202769067876
TCGA-CV-6441-01A-11R-1686-07	-10.299002877449258	4.137181925198777	5.749277383332455	-45.06194034092471	30.622731094753917	-5.700257465207001
TCGA-CV-6933-01A-11R-1915-07	-6.668088891107767	5.97055208646917	18.006272130854093	11.56060521827197	-22.70275941738228	11.785926310834425
TCGA-CV-6934-01A-11R-1915-07	-16.26622806236169	-8.774204503686443	-13.778119038979447	19.19631884459467	-20.58567436690762	-8.460673204251963
TCGA-CV-6935-01A-11R-1915-07	-20.000389580910472	17.948191790698772	20.07420158734752	21.808355945749977	-12.199721367506069	5.030015882106806
TCGA-CV-6936-01A-11R-1915-07	9.071687920220862	-13.196258093748012	-6.069599230923718	-26.21518034797668	-4.757578211133885	24.704149623022637
TCGA-CV-6937-01A-11R-2016-07	-12.966420950068011	-25.045831788909428	7.742232471839017	9.92014916724805	-9.893586932678422	30.549806651440715
TCGA-CV-6938-01A-11R-1915-07	18.12704096198686	-13.018678506304646	-17.537713830821467	-11.022097147786017	20.14375208450352	-4.809115981598059
TCGA-CV-6939-01A-11R-1915-07	1.4107877908331468	-11.4951334229979	-0.3696071820475313	-22.00926280717455	-24.249683624874347	-22.020270828370474
TCGA-CV-6940-01A-11R-1915-07	-8.837621697751603	23.98226593847689	9.390665323772524	13.850471846355251	-14.206176034536009	-4.164113545416482
TCGA-CV-6941-01A-11R-1915-07	-1.774952328746705	15.05187636292294	6.119134936558441	5.972737160006367	-14.992753551095907	-21.76603742406942
TCGA-CV-6942-01A-21R-2016-07	-15.734219177927452	-16.169266173564573	-25.85748215838742	-5.588205577019705	13.132640546557488	1.530422553555963
TCGA-CV-6943-01A-11R-1915-07	10.830434646825156	-22.85368342715302	-11.751268280636593	14.992247373786991	-14.348845021168689	-7.882453520259676
TCGA-CV-6945-01A-11R-1915-07	2.0602380169285173	3.0242323540839746	1.853437486637307	19.410241187831858	2.0835135580395123	39.75805063630855
TCGA-CV-6948-01A-11R-1915-07	-24.552429061874506	16.58155371278335	19.189685070604025	-22.462993903123216	13.948124295054251	-21.268936902964413
TCGA-CV-6950-01A-11R-1915-07	-11.05007488310503	9.102587021578982	-30.60504763928632	3.4743657239939405	-22.0248149665809	10.91702561206364
TCGA-CV-6951-01A-11R-1915-07	-4.107588214925369	19.185984761376737	19.470821898379768	15.842565512372722	-2.183530619750412	-20.13874378970833
TCGA-CV-6952-01A-11R-1915-07	25.55848936793512	-1.2917890582737996	-16.934470947555386	18.69476884276956	1.867092365675206	1.117123703884469
TCGA-CV-6953-01A-11R-1915-07	31.336935676459355	20.430577619879266	15.2747422509052	12.549470511880925	20.07098762088864	-8.079332399961068
TCGA-CV-6954-01A-11R-1915-07	2.63079808546417	4.524025524412473	-4.148705940577955	11.908548928504835	20.502662056490998	-28.4598053999765
TCGA-CV-6955-01A-11R-2016-07	40.29442496121127	-11.207572181374374	26.76893513950327	2.016228793431561	7.996681830951348	-13.52315783211544
TCGA-CV-6956-01A-21R-2016-07	4.4803002619738255	31.408616630448336	4.371578839080586	15.690055680417547	-8.500956354495923	15.40071796192867
TCGA-CV-6959-01A-11R-1915-07	8.472119042278822	2.642628993772847	-30.976042526531952	13.55801187996433	-14.831994226742175	8.062375166005403
TCGA-CV-6960-01A-41R-2016-07	0.935292768849728	16.437030085563848	1.1367336083875976	-6.595538573912003	-27.136474240281437	31.914059920804384
TCGA-CV-6961-01A-21R-1915-07	-3.951275106618649	-17.71600389045383	-11.851682989967	3.1618106867042783	-31.442310269617032	20.69182650129814
TCGA-CV-6962-01A-11R-1915-07	-20.559921003378985	31.524310375544932	29.967111056542333	-8.480752963280967	3.79184692916138	-13.837459002282246
TCGA-CV-7089-01A-11R-2016-07	28.891765226815867	-5.274468444232601	4.16985122300021	-0.498984312541717	7.994802386596133	9.04086697972547
TCGA-CV-7090-01A-11R-2016-07	8.377254953651352	-4.223272385774104	-35.92840734480924	1.1340984338430744	-13.565038115335064	7.815519392139203
TCGA-CV-7091-01A-11R-2016-07	8.08945751523776	21.23477640667739	-3.0116243285456643	13.430269938075586	-3.2369041416962534	-2.336725124200828
TCGA-CV-7095-01A-21R-2016-07	11.286449261184028	0.7515111198916433	-8.51094439588386	18.863519558773312	-5.8284535815006135	23.75877621732848
TCGA-CV-7097-01A-11R-2016-07	-5.676545737807527	11.5181399412775	-25.49476491881022	8.875374368183856	4.681456814737094	-17.05579827536821
TCGA-CV-7099-01A-41R-2016-07	22.2869484971435	-7.887181590059295	1.900389880362649	-9.675806652336268	9.844055213417851	0.4523315520442291
TCGA-CV-7100-01A-11R-2016-07	-8.775360857323273	-5.624981791812079	-19.345862186811363	-32.32283015265322	-7.00851913415893	6.431921989216896
TCGA-CV-7101-01A-11R-2016-07	5.4666686424952085	6.587921131386118	18.105377662882866	0.5075661975118044	-11.655652212226236	-19.7097049791317
TCGA-CV-7102-01A-11R-2016-07	-21.68689903471148	15.12993215386692	-31.90031855303453	6.194039594095091	-2.121647294591721	-4.01218937009492
TCGA-CV-7103-01A-21R-2016-07	-29.01787985001454	6.186019267246785	5.812767584450978	17.79151115393696	-26.13129581978272	-4.464444778637779
TCGA-CV-7104-01A-11R-2016-07	10.3541236439781	-17.429279834735333	-26.53580527602645	16.43116326999051	-16.26961270813306	-4.964320407968847
TCGA-CV-7177-01A-11R-2016-07	-2.907149270667664	12.070982795934851	14.553681693772784	16.4021184777612	-30.2522530117068	0.2068483979184217
TCGA-CV-7178-01A-21R-2016-07	-19.94370213588058	6.742175730369577	-19.46101570288422	2.1085217077838028	1.881368703548156	-28.295081124857585
TCGA-CV-7180-01A-11R-2016-07	22.37089420632481	14.679325394956535	13.075385391673263	1.9965756334330855	17.540508475286956	14.402454417431455
TCGA-CV-7183-01A-11R-2016-07	28.80319205090204	18.605018809596245	12.03864435618547	25.730161779320778	5.662015117736546	-0.2765983780790336
TCGA-CV-7235-01A-11R-2016-07	-10.450964392594612	0.0420858001270024	-34.31998260078733	-19.264222704983407	8.408897317427918	-23.326389233340624
TCGA-CV-7236-01A-11R-2016-07	7.288877216953631	-1.2876685625064577	-20.586232925803618	-2.595747737731162	-23.40583756382396	12.777635703836513
TCGA-CV-7238-01A-11R-2016-07	-2.52408520033126	-6.526798649308555	-15.5069176909594	23.647285310726648	2.552863662291922	-11.02318775803642
TCGA-CV-7242-01A-11R-2016-07	7.420615010764899	-9.992173297691505	28.257944190132847	1.3167030518919802	-16.196516036451637	-7.042650786402819
TCGA-CV-7243-01A-11R-2016-07	-12.214970350257548	12.568013078673822	-16.327569818166058	27.68316898087116	-0.1552289166369212	10.050234140909057
TCGA-CV-7245-01A-11R-2016-07	11.600201602815366	17.771221673770285	3.6133284944653226	4.134888273533727	-22.34697107096818	19.959897215870807
TCGA-CV-7247-01A-11R-2016-07	-18.48087740231198	28.094657374749147	-10.383153068383317	7.1771321829946615	4.65660744206605	-7.136686815675966
TCGA-CV-7248-01A-11R-2016-07	-9.343641647328676	1.300528824430554	19.211323802126973	4.906825211307555	-19.21024685677149	-3.9879198605354937
TCGA-CV-7250-01A-11R-2016-07	25.185935691643557	1.6192445278634229	25.188803205180005	-13.470889472204256	-13.166296379813437	8.553112655887757
TCGA-CV-7252-01A-11R-2016-07	10.54561482657089	18.347554780201087	-24.643818830565696	8.072238426256423	6.288063026292008	4.27715222272888
TCGA-CV-7253-01A-11R-2016-07	16.917925984176453	46.93456451277787	18.60800450693896	-5.439813648439727	2.351592561951029	-6.71424023896147
TCGA-CV-7254-01A-11R-2016-07	-36.73299028298752	-11.510624789986831	13.137655211873074	0.762607740673236	-10.192536557795425	-14.996415631754092
TCGA-CV-7255-01A-11R-2016-07	19.124501122829027	9.04804979863911	-13.227888729954811	10.699866556398048	-17.926079336314867	23.893031797919956
TCGA-CV-7261-01A-11R-2016-07	-11.814246546233612	20.545547840087877	15.019881091127296	-4.824118013609239	-17.925573735274696	-18.841518299337224
TCGA-CV-7263-01A-11R-2016-07	-13.224961713551275	-1.1893108206880685	16.160483332039917	16.2731979744078	-8.73185812119639	-18.90659572212244
TCGA-CV-7406-01A-11R-2081-07	-14.38359888684924	-15.638776953026367	23.53639150296981	5.005463677762432	-33.84632129977067	-3.863291063646508
TCGA-CV-7407-01A-11R-2081-07	-1.7208313380168638	3.416862060087856	-11.837226019105143	-16.072262076963877	15.30932660256063	-31.74137830927596
TCGA-CV-7410-01A-21R-2081-07	5.564916716774546	-11.259367336986443	-18.09978923946832	-4.730955910047786	-3.4087817475930757	-18.710382269142187
TCGA-CV-7411-01A-11R-2081-07	30.640853221409667	4.870676046733279	8.61134468771753	29.356028858174597	-0.1759070395951017	-2.123919474663664
TCGA-CV-7413-01A-11R-2081-07	8.380392736098461	-19.819965170492985	-4.234632147107371	19.29125378523061	-6.95275500656894	16.796993925542196
TCGA-CV-7414-01A-11R-2081-07	-5.61774089762924	-19.24167095237835	11.921688535175733	-6.543498561411471	-32.111317720720336	21.181726095712875
TCGA-CV-7415-01A-11R-2081-07	2.2982065371981064	-24.24790337977563	-17.775098315068046	7.832080474911216	-9.54224230044431	23.42988346340659
TCGA-CV-7416-01A-11R-2081-07	7.48619119041033	19.674867249777414	-22.377103564366895	-2.3288809927789904	-31.411326733064087	8.957626527123798
TCGA-CV-7418-01A-11R-2081-07	-19.36024138383784	6.689520991294371	21.694696672590972	-27.18101051965736	-19.63497805955952	13.363388316287333
TCGA-CV-7421-01A-11R-2081-07	-22.025095238607637	-5.961369059269339	12.894331690249786	13.894639119259791	-20.577143468744143	23.55134778338952
TCGA-CV-7422-01A-21R-2081-07	1.1164859577378097	8.16894270127746	12.494885378214624	-24.02899189630913	-24.227583254136917	6.982920060311936
TCGA-CV-7423-01A-11R-2081-07	25.462322899727184	19.127701431185702	-17.448333436805406	16.145773186616186	-12.077308696390372	14.047756417323344
TCGA-CV-7424-01A-11R-2081-07	-35.99670061502172	5.44087090461759	13.879105601069694	-5.332084326666462	-12.351972473306231	-5.35270921967597
TCGA-CV-7425-01A-11R-2081-07	29.059171332336327	10.148157046517358	-5.479534807382015	3.4660203357135058	15.99023611902638	-24.818686412583123
TCGA-CV-7427-01A-11R-2081-07	34.76709383951603	-7.621677288603802	-8.420181874682932	0.3113432395159314	1.1807146887162616	-17.162425008291738
TCGA-CV-7429-01A-11R-2132-07	-38.64200241513176	19.29430518638594	-27.344075307233894	-9.32146466550821	7.533381179871682	-3.7776400571023
TCGA-CV-7430-01A-11R-2132-07	27.83453348649332	29.81976589397981	20.32585088922725	-6.604757579682717	-11.372286637107184	-0.927872168640674
TCGA-CV-7432-01A-11R-2132-07	15.971338701468673	16.745017261296006	-7.360631106590261	-20.830028177674688	13.669928991669968	20.9191461362378
TCGA-CV-7433-01A-11R-2132-07	0.1002482752882022	-23.215958698756012	-15.238252151628563	14.932344643178077	-6.896139869847284	12.058521065703172
TCGA-CV-7434-01A-11R-2132-07	22.0084249411554	11.152784108426102	-28.89470440854158	-15.836696319153283	11.084935001458335	6.45903872030773
TCGA-CV-7435-01A-11R-2132-07	-2.993685209956245	-0.121635760471605	-5.870271085689431	10.411423152186918	-34.70827760816546	-0.4981998842989971
TCGA-CV-7437-01A-21R-2132-07	-15.318800340990594	12.871780112703435	13.031918167948222	-21.06385733314673	-17.449466064302538	28.91883287817392
TCGA-CV-7438-01A-21R-2132-07	-13.780629934198895	-2.847123290314551	-25.333843830082003	13.636521749493886	2.9923991779993067	-6.896032645628394
TCGA-CV-7440-01A-11R-2132-07	-5.0621673284933815	25.06164496919868	-21.226325010782805	-27.624725067231083	5.994876856087132	-3.171037366916776
TCGA-CV-7446-01A-11R-2232-07	9.197281491860318	23.862700087612502	4.895482113383243	-16.046100491381317	-29.56148270005281	-34.187610997608225
TCGA-CV-7568-01A-11R-2232-07	-3.6544664016199646	22.43023570868221	-24.02766758619038	8.889936128704838	-13.789269228009369	-29.5305025959148
TCGA-CV-A45O-01A-21R-A24H-07	52.429209980212896	-10.01642834660528	14.348348107576747	24.221824902655392	1.2052045415780035	-11.558175959988969
TCGA-CV-A45P-01A-11R-A24H-07	30.25097474580581	3.930747882269913	10.365899566575994	19.043553646032542	9.928913459868657	-1.9691410043257904
TCGA-CV-A45Q-01A-11R-A24H-07	0.5671600763909888	-3.191585983210332	15.435733843043046	20.668548790882937	69.5432292737103	21.511123353557394
TCGA-CV-A45R-01A-11R-A24H-07	8.25167287300293	-15.923921832077715	3.638476735366248	24.185713905301565	-2.8009056642304904	-13.197688860013722
TCGA-CV-A45T-01A-11R-A24H-07	1.58850319561198	-15.34977908474564	-1.744625002692141	17.90557159475989	17.98985959698486	-4.412811096412367
TCGA-CV-A45U-01A-12R-A24H-07	-1.1701170616730123	-0.0574141838992123	8.154052196951817	-20.11408539238805	-12.253427451137254	17.3901447040281
TCGA-CV-A45V-01A-21R-A24Z-07	23.774226904625788	-8.628356247472379	16.27729361355607	15.58641282666523	1.3025663216303682	-9.081933480220512
TCGA-CV-A45W-01A-11R-A24Z-07	-22.51264117325576	-4.5203853009346044	24.4717635025914	-10.30845217070437	-2.6059115500354224	-8.793636204745896
TCGA-CV-A45X-01A-21R-A24Z-07	35.108533752020925	8.12566043319058	15.954486542413624	8.696976635415838	-5.98483763000553	15.326742460431584
TCGA-CV-A45Y-01A-11R-A24Z-07	-12.655087041246514	-19.62332597088215	4.143518528612783	16.99923465437768	-10.842509439773696	5.984247345049199
TCGA-CV-A45Z-01A-21R-A24Z-07	-9.596189134169029	-0.2349558554575413	24.46380098775529	-4.9358541309769	6.315202801639012	-9.365694413887931
TCGA-CV-A460-01A-21R-A24Z-07	-11.072132267939388	-26.06726412146431	2.800748844140416	-15.534895239696148	-15.966945835431687	7.954385143174382
TCGA-CV-A461-01A-41R-A266-07	-0.6086257033310608	-33.286133550306104	16.676970496341454	-4.213582398572581	-4.650638141972421	1.680241579619971
TCGA-CV-A463-01A-11R-A266-07	34.69725117200886	13.28467172380156	0.8450515262412519	-5.078616876180175	22.875507636386494	-8.227685376085354
TCGA-CV-A464-01A-11R-A266-07	-14.553999216525789	-10.084949527110457	-20.36080144600819	24.916492538879464	1.6672169939714296	-1.6144652085409843
TCGA-CV-A465-01A-11R-A266-07	24.522537882000883	20.633217277276334	4.57428733789106	21.176769824427016	7.190253274690207	11.62824460231858
TCGA-CV-A468-01A-11R-A266-07	3.0652594131430426	-22.0208284122148	3.773560369248197	18.586168301352856	5.156146676186703	-10.93577094340312
TCGA-CV-A6JD-01A-11R-A31N-07	-19.231166358815475	-21.655279932115317	-20.895147419278636	-0.3987766702380233	21.09819098017039	18.44488650207383
TCGA-CV-A6JE-01A-11R-A31N-07	-26.97139468934204	-14.182673748919784	-3.994669596956364	14.921983375319323	46.4023470785856	18.66010706998679
TCGA-CV-A6JM-01A-11R-A31N-07	-25.031139242059066	1.7028801116622323	24.8899184416976	15.889192300483051	48.10655392128299	39.92764467269802
TCGA-CV-A6JN-01A-11R-A31N-07	4.969673136219192	-10.517449498642044	0.4176267274195001	15.793028308738668	45.87554793167232	28.03724740226681
TCGA-CV-A6JO-01B-11R-A34R-07	21.71284243821008	-10.926822996200068	-13.812493507750156	3.813513301655573	22.284487849257776	8.38026128295668
TCGA-CV-A6JT-01A-11R-A31N-07	-4.584763397398365	-19.17744324264785	-3.879306318326247	42.67534234492146	23.778888160996285	11.914295068294662
TCGA-CV-A6JU-01A-11R-A31N-07	-39.96620260637808	-13.56014130235755	19.87096973492276	19.875471487419905	35.051693902866106	-6.080299175734246
TCGA-CV-A6JY-01A-11R-A31N-07	32.20594073375734	15.57983808927355	24.36094199467289	9.574032788621372	6.630306405730725	-9.44170195757655
TCGA-CV-A6JZ-01A-11R-A31N-07	-4.485774570051085	-22.52263435141916	-19.548700802962585	-8.841190516379156	17.670583697465425	-3.031850845706903
TCGA-CV-A6K0-01B-21R-A31N-07	-4.460474463127239	-14.53404231592896	-2.8856180927002053	14.21854670511144	-6.783679381297619	-18.92893150528169
TCGA-CV-A6K1-01A-11R-A31N-07	0.0997366126816887	-9.605281446774674	19.422251219190144	-2.982938922767353	45.69711496107396	33.22851982634755
TCGA-CV-A6K2-01A-11R-A31N-07	21.53233280581403	0.0199258484111285	-0.9420460169813016	-9.348552204361612	21.334304309953566	-4.606895948620083
TCGA-CX-7082-01A-11R-2016-07	-17.753395932567447	7.018246420371927	16.05033748679012	-8.595018703002648	-23.278100302358563	11.144859611218624
TCGA-CX-7085-01A-21R-2016-07	14.73536229760668	-12.003264491743412	-8.824144897912259	24.732030655075818	-21.664662884267837	-20.106196245533035
TCGA-CX-7086-01A-11R-2081-07	33.163197365292405	16.009224003963023	12.028294006175162	-13.72662778199328	-7.943866791982212	-0.539576989076733
TCGA-CX-7219-01A-11R-2016-07	16.439952634565728	-3.285554547947868	-10.421853736427622	-4.507207248711258	-27.79440838523093	2.2116612845624397
TCGA-CX-A4AQ-01A-11R-A24Z-07	-38.65709839290816	-29.909027385943197	4.774237380310786	-12.974569466146155	10.8679058378866	9.67148134022164
TCGA-D6-6515-01A-21R-1873-07	1.1580236960943076	-24.47922017616457	-20.59430039531151	1.3028636163887752	-10.430074323435308	-13.63155225594643
TCGA-D6-6516-01A-11R-1873-07	38.919400567611326	-3.583202188204688	-9.002507787386344	-7.777794008959513	5.853591984573666	1.6733404110230718
TCGA-D6-6517-01A-11R-1873-07	0.6593792316991659	24.92470183413748	-27.41557642768376	-1.491731100538227	8.909739825781923	-1.8337676583972824
TCGA-D6-6823-01A-11R-1915-07	4.5658994968069	25.793566526413173	-5.102205439061003	-16.22050748908073	-6.228098484935094	16.37216670415661
TCGA-D6-6824-01A-11R-1915-07	-0.951032129916514	-20.177562237630102	-2.377696052429037	0.4421389911891297	-29.277148225793848	-19.59746815209614
TCGA-D6-6825-01A-21R-1915-07	21.780074431774047	-4.860635817218292	-22.02200969092728	5.140324535648787	-16.12816744613903	-15.881168077643014
TCGA-D6-6826-01A-11R-1915-07	14.120839636329526	6.017407495439037	-24.631135698896163	-7.222338843042593	-28.74833394223154	-12.53449585396137
TCGA-D6-6827-01A-11R-1915-07	-31.03643021775359	-1.4437770213678272	20.411165057138827	-12.06789278138509	7.286857370135061	-41.98357676469163
TCGA-D6-8568-01A-11R-2403-07	-4.551595306299646	-3.439818445069472	-4.316736078359148	13.646365698440857	-23.608925071867528	16.20162794205392
TCGA-D6-8569-01A-11R-2403-07	17.379827591578646	0.8525461152122822	-23.071873197522013	-9.498294373985203	-10.164856567975509	2.1539616266428667
TCGA-D6-A4Z9-01A-11R-A24Z-07	17.91724503508259	7.4518349166710465	-11.540416331601437	-5.841076487605214	-6.221512217101805	15.342134196649928
TCGA-D6-A4ZB-01A-11R-A24Z-07	3.726400726051817	-1.1046818369690268	18.652162072917186	13.013488416648316	-2.176403295093154	10.677711034087462
TCGA-D6-A6EK-01A-11R-A31N-07	11.390158276581689	-18.640039190027707	23.257305327955027	17.882692830670095	45.63619453080288	10.285471073603125
TCGA-D6-A6EM-01A-21R-A31N-07	-24.662411109610662	-28.89875388387292	-10.548914234094406	2.501007211797792	48.86712558553389	9.33751805563648
TCGA-D6-A6EN-01A-11R-A31N-07	-11.939441354672368	-23.84233440017323	-3.7198939624237775	-11.476609502636762	53.840671337028674	20.84201090866323
TCGA-D6-A6EO-01A-11R-A31N-07	12.758602052973432	23.09782697742936	17.56266294726012	-27.05070182779997	-13.264710174550649	6.752383467837436
TCGA-D6-A6EP-01A-11R-A31N-07	-82.42848283585782	-2.909133479036364	7.05849702067316	-13.861801051457672	24.989012374019527	22.857428317073246
TCGA-D6-A6EQ-01A-11R-A31N-07	-14.817052124947832	-6.3753415514702265	1.40580549101594	26.11699257111277	34.61745221387163	17.49187474971961
TCGA-D6-A6ES-01A-12R-A31N-07	-8.3191175369284	-7.215602458369777	39.4824606278862	6.543307846407139	67.19166099764881	20.85507962737941
TCGA-D6-A74Q-01A-11R-A34R-07	-5.101834095569003	-7.130574723999192	25.133447778647948	-1.8782104377453728	3.872831899746525	18.354867886933217
TCGA-DQ-5624-01A-01R-1873-07	5.1271406991758095	-2.2616949600965244	-15.074216572338852	28.89557808464425	-14.865056506331255	14.793008072604348
TCGA-DQ-5625-01A-01R-1873-07	5.191828065255637	-12.950133347076044	-22.31117256905556	20.48559204861606	13.468932696203447	-21.79674425457155
TCGA-DQ-5629-01A-01R-1873-07	-9.981720440361498	32.15889075146448	9.884147871702988	-20.50373871463304	-11.439437445863415	0.6453657075874408
TCGA-DQ-5630-01A-01R-1873-07	-0.6304460759335816	-23.852793295729548	-13.967425044923136	25.209162972280804	10.07770383764976	-5.408054225920426
TCGA-DQ-5631-01A-01R-1873-07	-9.113409225371134	15.975624207343632	-33.79904145567467	-7.460393568974203	-27.37116302195527	16.418672710747426
TCGA-DQ-7588-01A-11R-2081-07	6.103668870802586	39.99893371320138	-3.37758942035384	-16.235997090132578	16.907786079182724	30.69090828529767
TCGA-DQ-7591-01A-11R-2081-07	-17.40238003842753	-10.105805609608142	5.364227002014607	-50.74203188291169	-4.393434026194857	-8.461225757715383
TCGA-DQ-7592-01A-11R-2081-07	8.450296925766297	13.073261254192875	-25.84605708458042	7.970593493841597	-5.950938063013066	-19.081027169109586
TCGA-DQ-7593-01A-11R-2232-07	3.837358477624425	-23.199457696888462	22.466633667296296	-14.4752925520528	2.4466259972061817	-25.61718812845123
TCGA-DQ-7596-01A-11R-2232-07	21.311526838202337	-9.331716658381094	26.022306518287916	-18.641373740273988	-2.6985703320929955	-21.785407764804265
TCGA-F7-7848-01A-11R-2132-07	9.1696095065534	3.371976013438112	20.408908437296223	-8.441988331284941	-37.47100030047689	-1.626220277893076
TCGA-F7-8298-01A-11R-2403-07	-14.091652456468198	9.43442806127106	-23.702709958383924	-15.015678300183854	-12.153162128626343	11.921706383532854
TCGA-F7-8489-01A-31R-2403-07	15.52931434272122	-15.9358329557676	-18.27307170369331	-4.283361711219467	-13.337268372759876	4.836797348493717
TCGA-F7-A50G-01A-11R-A266-07	25.0129288845991	-4.591069780399518	0.341339667581892	16.625272752929813	4.805700735582454	-19.52093248726904
TCGA-F7-A50I-01A-11R-A28V-07	-3.059653741138998	12.80844285076859	2.9217713832906096	14.292380543735757	21.810156167418288	-21.06495055171965
TCGA-F7-A50J-01A-21R-A28V-07	13.611221335060844	3.7708740336467934	-3.177001994711456	21.59628098662284	18.10238604921643	15.320775153637223
TCGA-F7-A61S-01A-11R-A28V-07	14.17612687383926	-12.688536937770738	-10.952681721122277	-0.0119825470419359	24.91864210123448	15.694197135914996
TCGA-F7-A61V-01A-11R-A28V-07	-1.3317012572077012	10.45567469037614	28.8999366030508	14.319992835167689	18.012649586683935	-8.63850089067313
TCGA-F7-A61W-01A-11R-A28V-07	-2.14724696075664	24.13061440065379	-14.535826909328724	1.2850464728991626	8.732646375582654	24.90333965527196
TCGA-F7-A620-01A-11R-A28V-07	9.532397704812654	-22.651449483254268	-8.697230687968817	8.914364819098171	24.155820818675647	0.8373259162481199
TCGA-F7-A622-01A-11R-A28V-07	11.444466477441214	11.934207570067112	8.806750138464457	10.0121830258128	38.53569696323751	10.469306974357956
TCGA-F7-A623-01A-11R-A28V-07	27.78539147597663	-8.945202086717282	11.623966397554565	-17.373749166979078	-9.643608108374377	26.263966719501003
TCGA-F7-A624-01A-22R-A30B-07	-73.37969923836418	-21.496409874625435	-19.060545261551148	-36.91039521422716	47.254188762857616	13.440409296866973
TCGA-H7-7774-01A-21R-2081-07	39.69671253723334	-6.32871238525086	27.04150585060077	9.162296101237745	1.420103194243543	-13.861733689192024
TCGA-H7-8501-01A-11R-2403-07	-6.276360887168724	-11.783286695965588	-28.12028832098593	-9.994110026702163	36.20033988967406	-3.01402355911746
TCGA-H7-A6C4-01A-11R-A30B-07	13.693870160867732	-5.086554056780926	-4.591239767661719	36.94351974090747	6.131372973482869	0.2851676075901629
TCGA-H7-A76A-01A-51R-A34R-07	-13.451652470404202	-38.47034090814412	11.004659795449374	3.3243524973256684	7.279215971067773	-3.092644922128384
TCGA-HD-7229-01A-11R-2016-07	30.17359053868382	-5.100786711522498	-28.365736314893613	-11.856762322267192	-8.960676375619016	9.47711276706122
TCGA-HD-7753-01A-11R-2081-07	2.086514021239135	13.579975409490682	-25.36494961012258	4.605033394792234	-17.73424418042652	17.032461047157984
TCGA-HD-7754-01A-11R-2081-07	2.659485553364694	-1.1808925628042528	18.11695461682116	-13.554967085114226	-43.27220467367041	-14.97160770027864
TCGA-HD-7831-01A-11R-2132-07	-22.605326850648584	3.5714830801180995	-22.89674805231645	18.99875887615209	-30.16439515421803	0.8675379140198376
TCGA-HD-7832-01A-11R-2132-07	20.515094455120625	2.0711900993588324	-20.893225138569942	-26.401353800120184	8.702010645195218	3.6586795084884938
TCGA-HD-8224-01A-11R-2403-07	-9.516937636077486	-2.103901902713481	5.649419574101239	10.507522635479944	-24.437028925107924	-46.77165789113185
TCGA-HD-8314-01A-11R-2403-07	-7.557518250815708	-19.40961725370126	27.0795673196968	2.077483048911704	-24.02202734018509	-31.793721379389407
TCGA-HD-8634-01A-11R-2403-07	34.57039285617017	6.8975247623635845	-1.7238247884064857	8.604088833912039	5.925360270006936	-5.852974718834007
TCGA-HD-8635-01A-11R-2403-07	-6.2822788862758205	13.207235209814042	-22.15534796367758	24.63084755346095	-9.175191430523446	-18.96150695221678
TCGA-HD-A4C1-01A-11R-A24H-07	27.047251687063905	20.19905460645387	-7.473452260036989	-6.61000680107212	1.5586873067183002	-13.703341752247754
TCGA-HD-A633-01A-11R-A28V-07	0.881385570333697	23.549205862666543	-8.116249783706886	-6.354126650493289	27.618381649343547	13.88376587411243
TCGA-HD-A634-01A-11R-A28V-07	-67.2963600481545	21.678788442877643	27.88736944620669	-64.03425101227008	32.52325719420612	9.57961304720383
TCGA-HD-A6HZ-01A-12R-A31N-07	-3.4985310664532787	3.30690074841706	-6.086208367957858	11.392004763766815	-2.11546450494389	-30.578068870139237
TCGA-HD-A6I0-01A-11R-A31N-07	-1.3379479172854742	-7.721917654868221	3.688735203755879	8.347377763592874	63.09584421157393	19.654802955215835
TCGA-IQ-7630-01A-11R-2081-07	12.238430523957671	-5.542534290507969	-26.50803368328149	-2.644509743494543	6.510179625969649	15.375355357721755
TCGA-IQ-7631-01A-11R-2081-07	-36.93540850027363	-20.136257245193757	22.665077645574733	19.02420907830244	-14.785185918106064	25.72208516840989
TCGA-IQ-7632-01A-11R-2081-07	30.03756137830985	13.568072168165235	11.602814937989251	0.7195142051112494	9.738568344052055	3.26962768604662
TCGA-IQ-A61E-01A-22R-A30B-07	2.7501110609864514	3.970178702541704	-25.658281725398652	3.7158878050809294	17.150855404229215	10.861034582354888
TCGA-IQ-A61G-01A-11R-A30B-07	3.706692086357979	12.288082779659875	8.276618182346242	-22.06344752829435	30.31436459549456	25.576061361545516
TCGA-IQ-A61H-01A-11R-A30B-07	-16.869997508310142	24.799228428554358	9.652129618258298	-3.700753933551473	-0.2888947300433394	-24.686193105598505
TCGA-IQ-A61I-01A-11R-A30B-07	-6.983695289483799	-41.15796282020206	32.736623662185195	-22.105168481988272	16.827415946661787	6.106683322996912
TCGA-IQ-A61J-01A-11R-A30B-07	9.316406397428857	-3.703968983093963	-4.529754578762641	27.3041330684188	-7.419751271566008	-14.76054568219138
TCGA-IQ-A61O-01A-11R-A30B-07	-58.81677403717743	-14.662231756987929	-28.54847234445845	13.618173885373674	-11.051737164844216	18.3195297868854
TCGA-IQ-A6SG-01A-12R-A34R-07	7.483367174589818	19.141802210162005	18.30357736487985	-8.516315086490527	-9.974182033235085	24.59630447044916
TCGA-IQ-A6SH-01A-12R-A34R-07	3.6549448336593233	-12.364714600607948	-3.4259965742006546	8.363830353520582	20.42891376066528	32.5089762236333
TCGA-KU-A66S-01A-21R-A30B-07	-40.05717120937207	7.396184744428293	27.320936144422333	-9.40276132237759	19.252962994309517	-16.117806271948794
TCGA-KU-A66T-01A-11R-A30B-07	8.9910240150549	39.67194318347661	0.3627418527986512	-10.901658965032937	7.718534477804621	6.653945976206133
TCGA-KU-A6H7-01A-11R-A31N-07	-2.1206356572830383	-27.047438462202127	7.394476324345054	-24.65495129851612	23.339249607208306	3.618906589991784
TCGA-KU-A6H7-06A-21R-A31N-07	-24.54922849638273	-38.47227932791185	34.08272861392776	-22.79867978122104	38.64037413201001	26.724607410316484
TCGA-KU-A6H8-01A-21R-A34R-07	-14.001748964814771	-24.037837927987013	33.24562427548253	29.91445918544088	-2.006196008020497	-21.665806028517316
TCGA-MT-A51W-01A-21R-A266-07	30.499850118271397	-3.958087990350124	0.5062426479371809	5.457498271449304	10.982173051199904	8.65210203395252
TCGA-MT-A51X-01A-11R-A266-07	13.276335707058854	12.568790102575354	0.1462823916350086	29.665897226696814	4.8615908584177125	3.466820689362666
TCGA-MT-A67A-01A-11R-A30B-07	7.575397788459347	-0.3844017600284165	29.21018804048361	12.27582797218685	36.64165118397175	-6.850443113172319
TCGA-MT-A67D-01A-31R-A30B-07	7.068918608193648	-12.898578461926176	15.876487633237645	18.5683694042124	1.8229466961390772	20.067707702655145
TCGA-MT-A67F-01A-11R-A30B-07	29.684596079698444	-25.07976592473555	-5.972443906795793	8.024086230425235	22.52582826521291	-5.946846446156234
TCGA-MT-A7BN-01A-12R-A34R-07	-54.55715534204396	-34.14564811713481	23.832214414778985	17.122886663826275	27.4835510846144	27.7780308337951
TCGA-MZ-A5BI-01A-31R-A34R-07	-13.397214998464428	-30.832172611119013	20.605331081434056	-2.139770372872217	13.923640615936687	-4.901393757702061
TCGA-MZ-A6I9-01A-11R-A31N-07	-4.7394583451943175	-12.271508612427908	42.51570649387543	-7.070259947186707	14.33469884654018	-1.9834543960365147
TCGA-MZ-A7D7-01A-21R-A34R-07	-3.668584146979384	34.88416976216699	18.087732877341526	4.794542759758702	51.62624068261157	-15.057619694536529
TCGA-P3-A5Q5-01A-11R-A28V-07	-7.907049895747857	-19.761046590080603	22.799191895743544	-18.48721466249332	28.269857082058788	-22.300571182496963
TCGA-P3-A5Q6-01A-11R-A28V-07	-26.14198469521292	10.597292124067897	0.038301248566746	12.52741329914362	19.821651691402995	22.27864512812015
TCGA-P3-A5QA-01A-11R-A28V-07	-31.444570292652784	10.933099347618144	-33.435117643462576	8.471634167494809	-5.188790851004021	20.700564485599536
TCGA-P3-A5QE-01A-11R-A28V-07	11.877472440980885	-21.381914614158333	5.713134787896971	-38.9630548162012	-6.048878553881972	-19.91280870613599
TCGA-P3-A5QF-01A-11R-A28V-07	16.869923271583836	-3.3751759428318517	35.39661511164472	-20.402975412398032	15.282577408719716	-1.7207381997018052
TCGA-P3-A6SW-01A-11R-A34R-07	-11.333135818692964	-9.030102428030665	14.091854367358836	-25.48971812830054	22.05002798627118	-18.249809128245232
TCGA-P3-A6SX-01A-11R-A34R-07	-11.940013228383188	28.62541875755705	-10.768222841264524	17.001802700008845	13.149948898701798	13.468110368604778
TCGA-P3-A6T0-01A-12R-A34R-07	-0.1819968127885115	37.167182929871664	-23.34809675009245	-5.465628231838823	-7.739429009979525	19.591088554698413
TCGA-P3-A6T2-01A-11R-A34R-07	1.0878987698300269	20.17218223128572	-25.62599888066393	-9.04068216715996	27.0258434810888	-0.8778844120024081
TCGA-P3-A6T3-01A-11R-A34R-07	15.0437746139132	26.04673654805528	-14.06084529142769	14.484219729301786	7.834642114835111	24.49524096376775
TCGA-P3-A6T4-01A-11R-A34R-07	23.45741075161624	-1.9420039210467648	17.12305835142375	10.832094419749351	-8.381383300795274	14.672397849903128
TCGA-P3-A6T5-01A-11R-A34R-07	0.8346567443773696	-0.8211279358088124	4.634680931944901	24.83266154006493	12.996556993199878	23.436996704270737
TCGA-P3-A6T6-01A-11R-A34R-07	-11.921699986127988	-0.3711955725253769	34.73114033736234	-22.234836288316387	34.38214282198886	-8.14718550079495
TCGA-P3-A6T7-01A-11R-A34R-07	24.82054115038396	-11.37854243462094	0.0054395301278889	7.134835831168121	8.669751567534595	25.99126376686537
TCGA-P3-A6T8-01A-11R-A34R-07	-21.420132390090338	6.473726015399839	-14.398935476411536	17.871729599954925	-17.21074177729882	20.985755799887105
TCGA-QK-A64Z-01A-11R-A30B-07	5.636000293861157	11.37949872509333	-26.818123089628155	-15.059332942428178	15.061481731041257	-5.902395126563836
TCGA-QK-A652-01A-11R-A30B-07	8.526695534212188	-12.189641993215009	-2.909010988493042	29.69822268047128	-2.0046947666519808	-4.1967752055317264
TCGA-QK-A6IF-01A-11R-A31N-07	-24.89107106058487	-20.999983316621297	6.461320573272601	-22.03844665719929	2.4684248306995027	-34.4635745344914
TCGA-QK-A6IG-01A-11R-A31N-07	-27.35142322619168	0.8469215725614266	-17.314370112410025	-8.015861494973006	31.50182305796352	13.305325377570547
TCGA-QK-A6IH-01A-11R-A31N-07	-6.539054195977777	5.262597458145646	3.825118917175856	18.87654336744771	31.486766752888578	34.62084998435808
TCGA-QK-A6II-01A-11R-A31N-07	19.26810531812224	-12.86162176843408	13.684675154165731	19.658781748890625	45.99772996875357	27.51646877327411
TCGA-QK-A6IJ-01A-11R-A31N-07	1.9488350108909056	-27.538117465928707	21.946280717638828	15.45354744015896	38.44808154120157	28.89153504623913
TCGA-QK-A6V9-01A-11R-A34R-07	6.359817389504629	-20.69223085848857	23.214417165764942	-38.709732095527485	-7.209408683660309	-3.631807168766932
TCGA-QK-A6VB-01A-12R-A34R-07	-3.613180527023601	21.41216860857504	31.507156718075603	-17.977489126621798	-11.872345377423914	9.305375330428978
TCGA-QK-A6VC-01A-23R-A34R-07	15.13011010909187	-29.260117124015096	22.135930745065632	-0.4616998568128471	7.901939564429782	-1.39120046674486
TCGA-QK-A8Z7-01A-11R-A39I-07	-23.093469694585355	17.865567104360704	38.52821511034472	-16.237748125004057	-5.798045921285736	-0.5015784255738915
TCGA-QK-A8Z8-01A-11R-A39I-07	15.897701025144093	-6.2720642900084105	34.87501197322117	-10.664338583811656	-24.07510458644156	7.074409555697182
TCGA-QK-A8Z9-01B-11R-A39I-07	-21.24492934833325	1.862825147831052	-27.248954499107757	8.988919011585624	-12.201273977794472	-11.497877687035285
TCGA-QK-A8ZA-01A-11R-A39I-07	-1.7309729181788325	34.76656169434516	16.070052272012003	-24.127950837563404	8.311248609230043	-17.8235512523877
TCGA-QK-A8ZB-01A-11R-A39I-07	13.06026220947014	5.9335252012961845	12.395755713779147	22.687960070030385	-14.626000213373889	2.3089073878056183
TCGA-QK-AA3J-01A-11R-A39I-07	10.114395775608257	-1.032058545865756	29.957504568831524	-21.41316699444609	-8.015687497498892	-22.704402607063656
TCGA-QK-AA3K-01A-11R-A39I-07	-57.02471924427224	-11.239329256505108	-25.539024645920133	-12.276558263607813	7.62919301350997	11.317958468571216
TCGA-RS-A6TO-01A-32R-A34R-07	-3.113488031174061	-25.461373847347303	-7.433861712834794	11.523409321929732	7.34817842900696	23.47740668586729
TCGA-RS-A6TP-01A-12R-A34R-07	20.937465934630584	-7.515511389669723	-1.427305469847022	-47.21810886527401	11.9583215448317	4.488528180317879
TCGA-T2-A6WX-01A-12R-A34R-07	-0.5235059935998642	-14.728945943888766	-16.039672878742063	-15.878174650324912	28.02317948940767	9.729085025136522
TCGA-T2-A6WZ-01A-21R-A34R-07	-18.194710337154525	-10.742971537014832	19.9790640972694	14.483762871132145	36.3379659381539	27.50264741668852
TCGA-T2-A6X0-01A-11R-A34R-07	-4.559136046581292	3.7524952982590944	7.574803238164024	-44.58237587602941	-11.562572297036628	-8.59761385725146
TCGA-T2-A6X2-01A-12R-A34R-07	15.389780115404502	4.504988281616832	-18.546248429239828	5.667771849595825	20.473703722354536	-9.553551149962772
TCGA-T3-A92M-01A-31R-A39I-07	-21.85129988413007	-6.07737753748791	-12.758510527205198	-14.11177904634431	1.8583558825962836	6.178137973628068
TCGA-T3-A92N-01A-11R-A39I-07	-0.2866304281946611	10.877702053965924	-4.4809642073070695	-25.26063824788224	26.24880002026777	2.7180605682009618
TCGA-TN-A7HI-01A-11R-A34R-07	-47.66569244859532	-15.340868528055784	28.49868932376577	-14.456609984307857	41.211945348290094	4.981993550083373
TCGA-TN-A7HJ-01A-12R-A34R-07	18.08143351495602	-3.423097664150531	22.784117686446383	4.919278358244724	14.73976390340169	9.175626088699852
TCGA-TN-A7HL-01A-11R-A34R-07	-9.425046630365712	-25.563523051143875	16.19803646615217	-15.060834412677526	39.989712537505866	-0.8629765820013079
TCGA-UF-A718-01A-22R-A34R-07	-8.475658837006756	11.78421194235348	0.3440473300182926	23.893538322201405	9.715155383142276	-10.47744192810334
TCGA-UF-A719-01A-12R-A34R-07	26.798187023368808	10.889179429675169	21.941959551685464	-22.69228731102167	-2.305937252072567	-26.374349074145474
TCGA-UF-A71A-01A-22R-A34R-07	-32.8102268152618	10.902487925420708	21.09347769241226	15.939037271690012	-5.680128201421765	-3.7545540345740025
TCGA-UF-A71A-06A-11R-A39I-07	-30.98404378765735	19.7597242582676	28.251731522569223	2.6183377915268444	0.1310696952041048	4.748135782019652
TCGA-UF-A71B-01A-12R-A34R-07	-13.743300048431696	16.571263304044393	4.543610465870177	-5.628022855145679	3.2505031590719784	11.562862147004068
TCGA-UF-A71D-01A-12R-A34R-07	19.6464743172993	17.124459128430377	32.998242071018026	-8.865122256002222	2.3937859880229446	-12.82955128156282
TCGA-UF-A71E-01A-31R-A34R-07	2.8131803106770623	13.111074084637504	37.22471609699394	3.971405070406486	7.796660689275842	-12.906393424887275
TCGA-UF-A7J9-01A-12R-A34R-07	-25.89933617954578	6.59321586692002	8.569643055644379	5.79954854432568	-22.792192860862126	-5.12009639133435
TCGA-UF-A7JA-01A-12R-A34R-07	-16.95709365870181	-7.855156313590311	5.384567470279573	-3.6705319291885976	-16.827998564894273	27.26985889568764
TCGA-UF-A7JC-01A-21R-A34R-07	31.008734888377948	23.885764592937157	-2.398207560582121	5.428807011574387	-2.1034386512942627	8.422022768124958
TCGA-UF-A7JD-01A-11R-A34R-07	-43.7292234232821	1.807634989805826	-11.397643596157636	9.546455356540108	-7.911184880703101	-2.145151927272656
TCGA-UF-A7JF-01A-11R-A34R-07	-6.213437626692347	-13.858478401430244	39.36019395175206	11.749217446987515	15.411573375509082	20.82197685475168
TCGA-UF-A7JH-01A-21R-A34R-07	-13.712487737945908	-1.5999126283531715	11.579266077664268	27.56893421335557	14.91237883424159	-5.075042620703129
TCGA-UF-A7JJ-01A-11R-A34R-07	0.7050131205934376	-26.62769705499215	0.1987259630620893	18.35655215597354	-12.07995060033294	5.388169966840133
TCGA-UF-A7JK-01A-11R-A34R-07	0.9979259833401936	23.20473490806347	1.057142921364164	8.180630096319467	-5.553793464532753	32.42372549976739
TCGA-UF-A7JO-01A-11R-A34R-07	-2.9333681927629747	-25.49094033417375	8.425035899643227	-12.96416176923016	7.494131345143015	20.004156997767627
TCGA-UF-A7JS-01A-11R-A34R-07	-23.81645232831626	-38.49014935035903	9.452481266504124	23.270171880351032	61.3093217569797	23.102665573085783
TCGA-UF-A7JT-01A-11R-A34R-07	-0.5966553340694544	-15.37814053927815	-10.884238656698312	5.1187727275290245	30.54271419524084	4.676441861312192
TCGA-UF-A7JV-01A-11R-A34R-07	-6.866910448406268	-15.02836330957213	-23.52253423598725	-4.02071822591729	6.99488450783356	26.49664635992309
TCGA-UP-A6WW-01A-12R-A34R-07	-26.15173899672812	-36.52449042631064	19.662999054519123	-9.998745218715404	17.84843067098539	2.4265871587143155
TCGA-WA-A7GZ-01A-11R-A34R-07	-8.148951163194921	30.3065107290398	-5.4337545771649465	15.753008757614342	7.287806268274515	-9.326032982229629
TCGA-WA-A7H4-01A-21R-A34R-07	-24.25297793392929	-8.903423825753224	-8.706075517149143	10.994866613510398	-22.53914426304109	6.291919977907865
