_96_class	Sig1	Sig2	Sig3
A[C>A]A	0.145753365782995	0.032758896069178145	0.04121921838780479
A[C>A]C	0.11637646335096301	0.002809437449677682	0.014781156774728306
A[C>A]G	0.1395867671207991	0.001274538487333457	0.01398960913435098
A[C>A]T	0.08242350790591352	0.0011915846446840005	0.006257225553451139
A[C>G]A	0.048678264112052415	0.40850630844888314	0.003980694078926053
A[C>G]C	0.04561410972804954	0.01567187871626321	0.006047488410652791
A[C>G]G	0.053565070074251306	0.014464303375865812	0.004078439474899756
A[C>G]T	0.08541589140147182	0.011915109591527067	0.013267743071489604
A[C>T]A	0.1058576926003843	0.27819532710773465	0.11487684880720468
A[C>T]C	0.13395645668727396	0.016239408625160323	0.08194099719845306
A[C>T]G	0.17469300090585368	0.014491438591478816	0.4931091213360838
A[C>T]T	0.09087824854993952	0.0011967101130213372	0.07735582796278234
A[T>A]A	0.06048393318313798	0.00017438398034426116	0.006852850172414616
A[T>A]C	0.053930884785107366	3.6178875699075805e-05	0.011884220988150345
A[T>A]G	0.07920528530941369	0.0037904882312236755	0.008959824371832565
A[T>A]T	0.062464967174872016	0.0016888734645485667	0.004033754032445677
A[T>C]A	0.15841817807261235	0.00012829361334371013	0.015127357175504981
A[T>C]C	0.07632917322714053	0.004417896373897113	0.026487839713442436
A[T>C]G	0.13362364897739798	0.002947561220746776	0.021453757151419724
A[T>C]T	0.15864842428931655	0.0008646812575928161	0.04872114976716755
A[T>G]A	0.024479755873899132	0.0019033871826906763	0.006132070424380477
A[T>G]C	0.013153031145678982	0.001972655139140605	0.008900827686430348
A[T>G]G	0.040604441224711796	0.0018776581230477518	0.005664931836808246
A[T>G]T	0.02052134631697554	0.0018470153995965666	0.008868043213686356
C[C>A]A	0.1483243331806181	0.010741854593828492	0.01756672953692187
C[C>A]C	0.16159929224883118	0.0002851766209981784	0.004123063385235256
C[C>A]G	0.1327849610803273	0.0011903489882480551	0.006881490108592192
C[C>A]T	0.1301625049030662	0.00023042266817293239	0.010654168322616476
C[C>G]A	0.05410556374511386	0.05491878033393648	0.0018159222885628956
C[C>G]C	0.04575452663999092	0.00026967928315970867	0.00865610659860435
C[C>G]G	0.05214855248592874	0.003910805253806156	0.015423394862170118
C[C>G]T	0.060520615969177814	0.0115037331543553	0.006983796722436642
C[C>T]A	0.14294434507637466	0.21055667866176583	0.354938427588793
C[C>T]C	0.1776534738668377	0.03450600363960309	0.45634097564327614
C[C>T]G	0.12183195026176451	0.05101530065221494	0.9053411456066942
C[C>T]T	0.18609745490445667	0.03444946984601235	0.46875646357534995
C[T>A]A	0.035224373412191194	0.0010500664803046443	0.006062703147641248
C[T>A]C	0.07889952428126015	0.0005146579566893904	0.0072155615435867525
C[T>A]G	0.1245949938623575	2.641682044192934e-06	0.009538357899923291
C[T>A]T	0.08280486574840061	0.0012378121505176843	0.006297725466617868
C[T>C]A	0.06754055699298873	9.194766664197895e-06	0.01071520780722342
C[T>C]C	0.0617240193888002	0.004171116645567718	0.03316514657602467
C[T>C]G	0.08111144223951225	0.0028000960825419	0.04181583238992016
C[T>C]T	0.1346205564779214	0.006060211697979196	0.021123755637459295
C[T>G]A	0.019369465305786922	0.001314018374268105	0.004435712444993445
C[T>G]C	0.02854597653876523	0.0019911698631871217	0.0034816683342596606
C[T>G]G	0.055630530148304935	0.00010437409773613346	0.011945055454872688
C[T>G]T	0.034577427692973915	0.005005548150593714	0.017382145024969237
G[C>A]A	0.191946805516741	0.029583602645281207	0.0485874958224617
G[C>A]C	0.15194787561461534	0.0008186335575187617	0.015635591963798018
G[C>A]G	0.13443092175570667	0.0006508974132322747	0.008513042158253544
G[C>A]T	0.12664190816785928	0.005473875291165966	0.03303274891687036
G[C>G]A	0.05184290111199966	0.10300689961623068	0.007627680510276053
G[C>G]C	0.0538578043586149	0.0027124363407855217	0.00709387333211609
G[C>G]G	0.057736626821882436	0.0002979442852067635	0.012210514270667322
G[C>G]T	0.05462666500781524	0.006519794043399058	0.01424224688612226
G[C>T]A	0.14804677019587834	0.15816689283813207	0.13741334485659604
G[C>T]C	0.165278095976847	0.013373192277016936	0.11888830042341264
G[C>T]G	0.1568150059105399	0.024763222067631988	0.47433392306039446
G[C>T]T	0.14110513205315253	0.006437442070531071	0.07294667456273805
G[T>A]A	0.0484413924910931	0.0037984853711257606	0.003382317877558278
G[T>A]C	0.04718092812806487	0.0029110099726666837	0.006918270983327871
G[T>A]G	0.073679355297252	0.0003911696407878696	0.0046662393970160745
G[T>A]T	0.04866753007491031	0.0009588991279695027	0.02867740483644028
G[T>C]A	0.06108325142174605	0.009639279746424948	0.028078807549702225
G[T>C]C	0.0493483952015686	0.0024217160682770546	0.058046886554434615
G[T>C]G	0.06713630413239352	0.00033377281050842207	0.030603674609581345
G[T>C]T	0.05956530632842724	0.009739868422259294	0.025044954006170718
G[T>G]A	0.023468642801591794	0.00018345666942755506	0.007167209430418636
G[T>G]C	0.011163987515477772	0.0013818443329031396	0.010166411745035948
G[T>G]G	0.01947948818236609	0.0012477895386151948	0.007996774231763907
G[T>G]T	0.01661106876805659	0.00218141035421792	0.004485128145351774
T[C>A]A	0.1415043466463666	0.08762777058112593	0.0458568929039643
T[C>A]C	0.16968886613659404	0.04011429864159102	0.055541228708417975
T[C>A]G	0.1503858207226246	0.013027659427878377	0.015394360229336344
T[C>A]T	0.16645273021248325	0.04167520267411999	0.01957952282837852
T[C>G]A	0.020008800797965413	0.7037600475150341	0.0006160832937964242
T[C>G]C	0.04568779097486205	0.1277352840339981	0.005999669672113643
T[C>G]G	0.05605923941841255	0.05641447494331695	0.004214676771003358
T[C>G]T	0.06702199724607352	0.4287854645411031	0.02051745833009588
T[C>T]A	0.0874161915424998	1.0852362809780804	0.131098969928843
T[C>T]C	0.18109137775560755	0.16231653021367046	0.1419315195225658
T[C>T]G	0.1336147043083118	0.22935271500808624	0.32440470745966693
T[C>T]T	0.10771844095627779	0.2746689348256684	0.11498452583339452
T[T>A]A	0.03251565851835432	0.0015048130191176667	0.0023633100610523346
T[T>A]C	0.05182772835558576	0.0006966352591948244	0.007203193110719375
T[T>A]G	0.03000546147431847	0.00028074432405922486	0.009945112137582141
T[T>A]T	0.047979593524284644	0.002200538110937698	0.006632272812584119
T[T>C]A	0.0492323618174621	0.0005311888885065449	0.008227553124644679
T[T>C]C	0.061263599407303505	0.0040977025605513796	0.022896035982769177
T[T>C]G	0.04097452092938983	0.002142449473105211	0.01731913315645904
T[T>C]T	0.14151164898873986	0.0025302770649685896	0.011976047744226776
T[T>G]A	0.014649138018581092	6.794281084641136e-05	0.006424335033674131
T[T>G]C	0.027480244973451473	0.0018716525068467335	0.008818824629981051
T[T>G]G	0.027627888977460865	5.495367954398459e-05	0.004247414777516113
T[T>G]T	0.024964627486816562	0.0032352372793862027	0.006187543356830671
