_96_class	Sig1	Sig2
A[C>A]A	0.14758971377673633	0.04365245771113997
A[C>A]C	0.10155864069993037	0.016353566418452713
A[C>A]G	0.12045574328989395	0.0050478209883978754
A[C>A]T	0.06922284670569077	0.003866400695045583
A[C>G]A	0.03363382633155467	0.4095655246449268
A[C>G]C	0.04010585394493111	0.022105997707656626
A[C>G]G	0.045175383736521024	0.01543074326218146
A[C>G]T	0.08949571509637169	0.016708318348752856
A[C>T]A	0.14789590846982492	0.2939118070530808
A[C>T]C	0.16400715150401324	0.024351314985800475
A[C>T]G	0.48792834902041365	0.04891380502217171
A[C>T]T	0.12726451448556123	0.007535530868877755
A[T>A]A	0.04982139994754229	0.0021379071263650127
A[T>A]C	0.05066147226737902	0.001881893775458578
A[T>A]G	0.06792316861190927	0.005837089960235921
A[T>A]T	0.05054374480104132	0.004772969578981697
A[T>C]A	0.14927712199603207	0.005506199735518169
A[T>C]C	0.07616229486538834	0.008867049093402005
A[T>C]G	0.11817601666160807	0.009991382920252092
A[T>C]T	0.15499137874358018	0.009719041892044578
A[T>G]A	0.023340000072499256	0.0028999533737439627
A[T>G]C	0.016329693941320934	0.007555107434814147
A[T>G]G	0.03610879552820339	0.0033153329248217776
A[T>G]T	0.021518245121638975	0.013804378324580546
C[C>A]A	0.1301988729421585	0.02048537963105431
C[C>A]C	0.11434989558322978	0.003696304868230093
C[C>A]G	0.10868800531231111	0.005556042074297789
C[C>A]T	0.11035212472271037	0.003941632645977511
C[C>G]A	0.05237148903495593	0.059618462462032555
C[C>G]C	0.0421505331918661	0.004418832170703723
C[C>G]G	0.052317369151518196	0.012021230467033487
C[C>G]T	0.05261616609662639	0.01714159822233765
C[C>T]A	0.3435824275690419	0.25853185698719616
C[C>T]C	0.4471750359265693	0.08233404123912023
C[C>T]G	0.6800957352281991	0.16944552634708443
C[C>T]T	0.47169490703483846	0.0798567432128585
C[T>A]A	0.031551942354187096	0.002822672023848009
C[T>A]C	0.07706860409303877	0.0028157239871201057
C[T>A]G	0.10303055069765753	0.01873140044575696
C[T>A]T	0.06569608222747543	0.004013902326508337
C[T>C]A	0.07272420339195952	0.0012914412210220444
C[T>C]C	0.07248007428855802	0.015096102675638334
C[T>C]G	0.10225876051640027	0.021653001640680528
C[T>C]T	0.12172765106651019	0.010533380405130223
C[T>G]A	0.01829201262843179	0.0024803192038361163
C[T>G]C	0.02857459446515637	0.0029375358822699756
C[T>G]G	0.053313568529907415	0.0017454789255064798
C[T>G]T	0.03893284228243019	0.006055068064282322
G[C>A]A	0.19561806752582592	0.03363848010481752
G[C>A]C	0.12820495903255877	0.0070897076599898655
G[C>A]G	0.11091109886161299	0.006914175011972937
G[C>A]T	0.11982499550138845	0.008237931853540919
G[C>G]A	0.041084677117512784	0.10985043973457605
G[C>G]C	0.047428921962165964	0.009322803175763467
G[C>G]G	0.05102441501112355	0.008632833392077053
G[C>G]T	0.05184929851555571	0.010285096041255683
G[C>T]A	0.20640722817317333	0.18205006030448043
G[C>T]C	0.2076940413460715	0.026139202770109643
G[C>T]G	0.4491602379177413	0.06444171429145787
G[C>T]T	0.16308009325227013	0.01254434376913472
G[T>A]A	0.048937536527342715	0.004284378101141013
G[T>A]C	0.04458206553278084	0.005133685448886288
G[T>A]G	0.06257469317900494	0.0030736824986867094
G[T>A]T	0.05352912028932513	0.03929310622584596
G[T>C]A	0.08518039932506703	0.012082811127748182
G[T>C]C	0.08443351275648327	0.011266702919047968
G[T>C]G	0.07344256960877693	0.015272334936359046
G[T>C]T	0.06453876337163057	0.012412417391412552
G[T>G]A	0.026848867405427374	0.00765129798958294
G[T>G]C	0.015890797428349045	0.004941182966351288
G[T>G]G	0.02338605443500817	0.002084357524437588
G[T>G]T	0.015523519560891747	0.02933491473243802
T[C>A]A	0.1441322094617136	0.09319385743754031
T[C>A]C	0.17157471551098202	0.047483759318907054
T[C>A]G	0.13915835074117114	0.014695532767244189
T[C>A]T	0.1427142700405894	0.05082380422295515
T[C>G]A	0.015080940874848663	0.6960927911456359
T[C>G]C	0.03308146658434656	0.14697855004701318
T[C>G]G	0.051582882471200166	0.06654778080868785
T[C>G]T	0.03056439791881769	0.4625446949134676
T[C>T]A	0.13139451384024708	1.1146210002853867
T[C>T]C	0.2389381431416737	0.18051739498740207
T[C>T]G	0.31828575115334	0.2680445100322048
T[C>T]T	0.15786189766703704	0.30612518334314
T[T>A]A	0.0270676338289719	0.012137699696825292
T[T>A]C	0.050365995808025726	0.017475208851961223
T[T>A]G	0.03065844232866201	0.01607839777806847
T[T>A]T	0.040238581947270625	0.0064252406323883696
T[T>C]A	0.05186810087788759	0.0014636388917739246
T[T>C]C	0.0639939215659737	0.006629526226590834
T[T>C]G	0.04484807961683747	0.004020404298060231
T[T>C]T	0.11778692302219759	0.008236710871233068
T[T>G]A	0.01614278382282733	0.010398295132796977
T[T>G]C	0.021517750738310387	0.0028527902114604113
T[T>G]G	0.02496254790369837	0.0010395677510337293
T[T>G]T	0.023378929542484363	0.004658935364520511
