,gene,cluster,t_stat,p_val,log2fc,mean_cluster,mean_others,corrected_p_val
8,1277,1,10.252106686232061,1.2281086827605593e-21,1.6160752542125856,16.874220710062772,15.258145455850187,1.7798676561747233e-20
16,1281,1,10.307481234675853,7.450058547281296e-22,1.6588501413300243,16.17304156230889,14.514191420978864,1.106444338705143e-20
18,2335,1,11.812636937134771,2.836673316447922e-27,2.0097907315005124,15.648189101953792,13.63839837045328,7.464929780126111e-26
19,1278,1,10.263804515727402,1.0877041951713665e-21,1.5961349945164969,16.007866676876965,14.411731682360468,1.5917622368361462e-20
27,4620,1,28.53462705499586,1.0303654928462562e-82,8.702337686849978,10.883929701505496,2.1815920146555183,2.0607309856925123e-80
34,3848,1,2.598427995216363,0.00978594917910349,1.0643034072055961,10.745297389755795,9.680993982550198,0.01617066788064471
37,58,1,35.04292255697693,1.9920871541577208e-110,7.999403090071433,11.72788827549441,3.7284851854229766,1.0865929931769386e-107
39,3933,1,6.913480708525426,3.9638077729953596e-11,1.1026846149300005,1.9647520330888975,0.862067418158897,2.0972527899446348e-10
40,283120,1,8.941963475138175,1.0140591831983168e-17,1.7192317573294496,13.698469218422975,11.979237461093525,1.0073435594685266e-16
48,6678,1,10.933899098327982,7.493884532927866e-24,1.3029682806480078,15.220641281910648,13.91767300126264,1.4007260809210963e-22
53,7273,1,26.339591097988524,4.808519993716999e-69,5.041514382296021,11.863531010802518,6.822016628506497,7.212779990575498e-67
54,1158,1,30.119464306281614,3.2158126562670564e-94,6.886746300882795,10.814065496607528,3.927319195724733,8.770398153455608e-92
56,4625,1,31.960417552955143,4.38711723165191e-99,7.6592500947835065,10.242891286282594,2.5836411914990878,1.4623724105506364e-96
57,1674,1,37.53915794759951,1.9239593584034786e-138,7.985362182642045,13.102179932492144,5.116817749850099,3.847918716806957e-135
58,3918,1,6.763641943903989,5.389950568943185e-11,1.0101674368822184,14.934873180171309,13.92470574328909,2.809704901273598e-10
61,1469,1,5.445443927263478,1.0097020079383778e-07,1.6850320509954981,7.243325113238377,5.558293062242879,3.6211667947580793e-07
82,3371,1,8.543052120681974,3.011626487647541e-16,1.3017327773606109,14.557968488945658,13.256235711585047,2.6340756451727763e-15
87,7045,1,8.05403511229894,1.098892229168906e-14,1.1804083644978611,14.346264052164075,13.165855687666214,8.335465707981588e-14
88,4312,1,7.273863924967541,2.0126870148953582e-12,1.5519634915678502,13.449669934851793,11.897706443283942,1.2297476669421741e-11
89,1293,1,10.21561878082306,1.5152309585165427e-21,1.4794296855228453,14.193526575791967,12.714096890269122,2.1721296026693237e-20
92,4703,1,25.71052599497702,2.606865396588932e-77,5.281570968028567,11.38568279641168,6.104111828383114,4.600350699862821e-75
96,4151,1,24.419166349355145,2.7353974218682383e-73,5.360908538539525,10.35622848137827,4.995319942838745,4.55899570311373e-71
103,1292,1,10.292817563548786,5.171623923961762e-22,1.2270429594514543,14.338092176302428,13.111049216850974,7.855631276903943e-21
113,7169,1,17.867734644352193,2.5283362665932756e-50,2.128066453989634,12.491205788053858,10.363139334064224,2.2984875150847962e-48
118,4604,1,27.331385917573456,1.8039881341891834e-90,7.120325846167873,10.024778936947142,2.9044530907792683,4.5099703354729583e-88
131,633,1,10.423732990868995,2.3857178661350984e-22,1.2826604292847446,13.71243050041237,12.429770071127626,3.776862057205961e-21
132,1291,1,10.573070382920456,6.318962792650254e-23,1.2601193876960028,14.074335114666797,12.814215726970794,1.047341899334296e-21
134,2273,1,20.137936149809757,1.6059122545108956e-57,2.8688636475226943,11.407124073690328,8.538260426167634,1.8180138730312024e-55
144,1289,1,11.855999146141702,1.0979896204126174e-27,1.6039511791241932,13.822736140362913,12.21878496123872,3.0359160011408776e-26
145,487,1,15.689920529032454,4.909003339357413e-36,3.707776987293726,7.673434974824851,3.9656579875311255,2.2656938489341906e-34
148,4322,1,8.613334692317014,2.1218582707793618e-16,2.4026814820112,10.810715319989225,8.408033837978024,1.883306157496475e-15
150,3909,1,6.824392181314206,3.7083560986031e-11,1.0073363972010672,13.444404900438053,12.437068503236986,1.9655597695776146e-10
176,3488,1,7.440619802162805,6.932274644258226e-13,1.1077403473236167,12.30357592010957,11.195835572785953,4.4061067654183645e-12
182,5054,1,7.613727762988302,2.0549754996087324e-13,1.142334262860155,13.085054653824603,11.942720390964448,1.3979425167406343e-12
185,10631,1,11.139093774714194,7.449445357766848e-25,1.9554580038912217,12.977619873264612,11.02216186937339,1.5793877083604624e-23
216,4319,1,6.18270220839504,1.726484682449204e-09,1.5861903056091453,10.856194021983757,9.270003716374612,7.628061925401491e-09
217,5837,1,16.67055686321218,5.338382461001643e-39,3.803364419488637,6.7886597282483025,2.9852953087596656,2.7852430231312923e-37
219,1290,1,11.110641307916783,9.976860707532346e-25,1.501491611388575,13.218124474438302,11.716632863049727,2.1003917279015465e-23
223,4313,1,11.052113680268976,1.099329159812739e-24,1.3910230801425207,13.319844153600364,11.928821073457843,2.290269082943206e-23
228,4619,1,35.67817646485077,1.61637542512585e-114,8.462258685358803,10.291444028793478,1.8291853434346759,1.2122815688443875e-111
229,4632,1,37.93282859369968,2.3917174600824258e-132,8.243798061402572,10.127048260171245,1.883250198768673,2.8700609520989107e-129
230,10324,1,35.78621060468455,3.070075476331202e-111,6.872802142850802,10.16003935258796,3.2872372097371576,1.8420452857987212e-108
232,7138,1,13.169963631344869,5.1745188665403504e-33,2.2645412652619594,10.814145014914839,8.54960374965288,1.9164884690890188e-31
234,4633,1,36.27394912113902,1.2797794319248815e-117,7.833863008805949,9.933945539906391,2.1000825311004427,1.2797794319248815e-114
237,202333,1,20.149824371777342,6.27567917275456e-52,3.8463248121238784,9.782479847100227,5.936155034976348,5.976837307385294e-50
240,4892,1,31.451179002454708,9.856904287796555e-91,7.8493231303643425,9.583722242939215,1.7343991125748728,2.5713663359469275e-88
245,88,1,35.07088992693897,1.0463675021566565e-107,7.451604521047948,10.290698662033535,2.8390941409855865,4.829388471492261e-105
249,8557,1,29.89898591836869,2.5164703166244917e-85,6.523820189499112,9.673351317765281,3.1495311282661684,5.807239192210366e-83
254,2318,1,23.29781914742933,2.0164558359277938e-72,3.5682658834126713,11.554171761367396,7.985905877954725,3.2699283825856116e-70
258,7057,1,8.6400602609864,2.1670978894823428e-16,1.2398933561780314,12.924761763767268,11.684868407589237,1.917785742904728e-15
261,165,1,9.293952210199512,1.9247218255076724e-18,1.229362081668203,13.04097996797983,11.811617886311627,2.0512133131520488e-17
263,2027,1,22.422086504320067,1.2138887942023529e-62,3.79711477168165,8.823553410149445,5.026438638467796,1.5496452691944932e-60
279,7140,1,28.87853693684446,1.7673171651882688e-102,5.783978085596051,10.83679936703408,5.052821281438029,7.574216422235437e-100
303,1303,1,9.651311927779355,6.504732543745005e-20,1.248564373235352,13.202579249430395,11.954014876195043,7.948756672600822e-19
309,129446,1,30.253415589047457,9.93341473368384e-84,7.736859550151084,9.36588180712101,1.6290222569699264,2.0551892552449322e-81
310,7135,1,29.73235610685349,9.18764432965614e-84,4.7292156099597085,11.046839313180445,6.317623703220737,1.968780927783458e-81
314,9659,1,13.564618596972823,8.721185654114809e-32,1.3825423890321087,11.328033798595824,9.945491409563715,3.0780655249816972e-30
350,1114,1,22.94588375018379,9.57571463404096e-71,5.409171344591719,9.075819992507434,3.6666486479157143,1.4731868667755323e-68
352,1410,1,13.145466047681762,4.6076809887796444e-33,2.014412893643751,11.282486473829373,9.268073580185622,1.719764950406108e-31
358,11167,1,9.452584334346108,5.721788926545732e-19,1.0196375041223344,12.810216758699916,11.790579254577581,6.381177241500817e-18
362,7078,1,10.664196949979809,3.195108821992428e-23,1.4087056737283348,12.648563032416229,11.239857358687894,5.446208219305275e-22
366,6261,1,9.679984489154432,3.255630747816085e-19,1.4234734908126896,10.257302617560141,8.833829126747451,3.7349492326761965e-18
372,4320,1,8.11969501660685,8.627547238230618e-15,1.465511848166102,11.778321842447392,10.31280999428129,6.645094150113441e-14
380,7168,1,15.34340326886825,6.678594010304489e-42,1.4292740815307,12.277113743246462,10.847839661715762,4.262932347002866e-40
393,70,1,40.11476563787334,2.3195815166451185e-154,8.328865302714997,11.73181085261858,3.4029455499035834,1.391748909987071e-150
396,126393,1,19.8136408940036,1.1551219659053313e-53,3.5407489533327823,9.070093718250122,5.52934476491734,1.1747003043105064e-51
415,6423,1,13.556462017046107,1.2380677328933034e-34,2.1500762846485166,12.317571875969232,10.167495591320716,5.1586155537220976e-33
419,7125,1,27.744034559285762,2.0332659400307634e-82,5.520009964852759,8.615297250636594,3.0952872857838343,3.9353534323176064e-80
430,171024,1,19.391206432507055,7.919693563714942e-57,3.3363231380131344,10.837349312756288,7.501026174743154,8.799659515238826e-55
433,25878,1,12.23047709833812,2.9450045677073213e-29,1.6476555570943585,12.398474317835657,10.750818760741298,9.203139274085379e-28
445,7136,1,25.30154420193646,2.1520158539974035e-74,4.858353685862615,9.331934655058378,4.473580969195763,3.68917003542412e-72
448,4606,1,31.38179263154258,4.154619708875396e-101,6.632259507884679,9.681691694711471,3.0494321868267926,1.5579823908282734e-98
455,7058,1,9.873410922145178,1.579386351542699e-20,1.4815968949615677,12.296671518432444,10.815074623470876,2.0162378955864243e-19
463,7077,1,9.821794051223126,4.8145328723986617e-20,1.13184187855361,12.505049591275208,11.373207712721598,5.931662676466524e-19
468,84033,1,9.295090089321098,6.547864330368843e-18,1.168146734166159,9.953010989476939,8.78486425531078,6.625157838484496e-17
471,55959,1,9.752199857857395,1.9912217230600976e-20,1.0517322901041517,13.054477896005665,12.002745605901513,2.509943348395081e-19
475,7134,1,33.08526942924788,1.0814196645037977e-108,6.522720153801591,9.549841739579593,3.0271215857780023,5.407098322518988e-106
477,6876,1,9.947850022808556,1.556514554571884e-20,1.2514874947037011,12.035202789983938,10.783715295280237,1.9912766156569946e-19
480,1490,1,7.459490450156617,9.120325233144034e-13,1.0177587480255905,11.649361763817568,10.631603015791978,5.7300472668967746e-12
498,4314,1,7.021872723677397,9.529331173067032e-12,1.6352764067105081,10.774014115716161,9.138737709005653,5.3838029226367414e-11
502,1917,1,15.794892956320085,2.4551603884963394e-44,3.268354852683972,9.47075673065751,6.2024018779735375,1.7129025966253532e-42
512,2,1,11.037304573421036,2.8639441993559828e-24,1.0327268292925194,12.519145605051039,11.48641877575852,5.61557686148232e-23
522,2200,1,10.530104696210023,1.1441068569544494e-22,1.5386803081474394,11.807437203992636,10.268756895845197,1.8553084166828908e-21
529,25818,1,3.944202322397023,9.557803063296956e-05,1.2731796002483016,9.900254538159755,8.627074937911454,0.00022666726632324796
551,1462,1,10.449207503332811,2.184215328431253e-22,1.636983818371732,11.839293024849411,10.202309206477679,3.4854499921775316e-21
554,27295,1,20.253167400633515,2.356937248531764e-62,3.1521770951388595,10.604862573208935,7.452685478070076,2.946171560664705e-60
564,1464,1,9.971247167634672,4.699165691565891e-21,1.5343330286730321,11.99457387509671,10.460240846423678,6.335953741437156e-20
602,58529,1,24.800974373745902,1.9323556340767352e-67,5.019135013367618,7.699636541730856,2.680501528363238,2.76050804868105e-65
608,5166,1,13.332238284369929,2.9829487346784765e-31,2.3093722435789132,7.912075512724443,5.60270326914553,1.0345486941081422e-29
609,11155,1,25.220129050821175,4.876247390745328e-67,4.611567923129561,7.903068096372559,3.2915001732429983,6.804066126621387e-65
614,29895,1,38.25436186272902,1.616013168903899e-133,6.871816495597253,9.065169233724014,2.19335273812676,2.4240197533558484e-130
616,5654,1,11.697848529130424,3.578375012669191e-27,1.1566538141152858,12.238793283155552,11.082139469040266,9.33489133739789e-26
624,4256,1,7.254679858804023,2.4701536339985093e-12,1.0517995044421635,9.65385418131633,8.602054676874166,1.489539879798096e-11
638,165904,1,24.868931092363006,1.102246085888306e-78,4.356101949330039,8.682952499379642,4.326850550049603,2.0667114110405735e-76
661,4837,1,13.517394506983306,1.587001612003774e-34,1.666849231201141,11.246313929476567,9.579464698275427,6.477557600015405e-33
666,6236,1,12.254705722159123,1.875764654811923e-29,2.144685270298469,10.57246770978253,8.42778243948406,5.9234673309850195e-28
699,23213,1,9.434847919105124,3.7950505573907697e-19,1.372930276317792,11.625921334250044,10.252991057932253,4.296283649876343e-18
703,11098,1,9.969118834159033,8.752296892151057e-21,1.1159738510340311,11.90296570335046,10.78699185231643,1.1474372208171772e-19
720,10398,1,8.772297525967897,9.076189308860669e-17,1.0377403990298735,11.371499244124402,10.333758845094529,8.276160464006689e-16
723,27129,1,32.94974614879228,8.498565477181078e-101,5.782231696170871,9.721468229526607,3.9392365333557366,2.999493697828616e-98
751,11240,1,16.216816949404716,1.693482525690484e-41,2.667117321057873,9.089275225366222,6.422157904308349,1.0475149643446293e-39
756,246329,1,22.818901344222425,1.366684029790212e-60,3.689975285080159,9.322670014959323,5.632694729879164,1.673490648722709e-58
768,1116,1,8.55829807612191,3.985472448721824e-16,1.5248364018647926,10.274631743055634,8.749795341190842,3.4444101386235106e-15
770,10345,1,30.913722608451263,2.8809503228283403e-95,6.298000083803718,8.19750024742826,1.8995001636245425,8.64285096848502e-93
796,56937,1,10.003736935169972,3.8417542268376e-21,1.1008666126612656,11.989314955831162,10.888448343169896,5.286817743354495e-20
800,8048,1,36.312278265275964,8.764509766958358e-113,7.825169104410919,9.286146615536298,1.460977511125379,5.843006511305571e-110
806,401138,1,4.334527510557796,1.9439296438223775e-05,1.3959664539652676,6.990962630458481,5.594996176493213,5.131358496671476e-05
812,7148,1,6.761541877444277,7.605852503596155e-11,1.1077911612092288,8.048828065376075,6.941036904166846,3.8854011737264923e-10
813,477,1,27.20017889575537,3.0890231567739245e-78,5.159282195565925,8.059114794901907,2.8998325993359813,5.616405739588955e-76
828,7837,1,9.87043690524549,1.2144388318661905e-20,1.24309393588808,11.699974456405583,10.456880520517503,1.567017847569278e-19
838,6588,1,31.866372855003462,2.7144521111314267e-94,6.404830823828762,8.862404216671855,2.457573392843093,7.755577460375504e-92
851,7070,1,8.510468851377507,6.268689435134335e-16,1.0209314349994454,11.472538951651218,10.451607516651773,5.312448673842657e-15
852,23336,1,9.01360364631095,4.4624537967986476e-17,1.1340236951917397,9.600175901906262,8.466152206714522,4.1770238347569243e-16
864,4053,1,10.58414181515556,7.27192315522495e-23,1.0510923028196295,12.047151233801303,10.996058930981674,1.1986686519601565e-21
872,26353,1,9.376638462032464,3.297117772368587e-19,1.2583561494906554,10.923042707738537,9.664686558247881,3.775325693551817e-18
874,274,1,15.757528835931288,3.7360821980272666e-42,1.5762999383791136,10.807889086524863,9.23158914814575,2.463350899798198e-40
883,2199,1,9.58402526910117,1.3823870888787174e-19,1.2011926264860069,11.494595102897318,10.29340247641131,1.635961051927476e-18
896,8736,1,21.89482287181084,9.920937064610803e-56,3.7173296245328076,7.699465441417483,3.9821358168846754,1.0629575426368717e-53
906,844,1,19.034311790712746,1.4093672916639598e-45,4.345226740752804,6.108893470733673,1.7636667299808682,1.0704055379726277e-43
907,761,1,24.12144689979094,9.867492552189886e-68,4.501637001622068,7.0235973873314705,2.521960385709402,1.444023300320471e-65
916,4608,1,39.388450207298845,1.2048567565493722e-143,7.76710979925637,10.075685525384193,2.308575726127823,3.6145702696481166e-140
930,7060,1,19.41725982896856,2.3541621092637394e-59,4.047727869414934,10.115598925636755,6.067871056221821,2.769602481486752e-57
946,5159,1,9.229133216187178,3.230898490756286e-18,1.0529903400221787,11.662341067656794,10.609350727634615,3.3596864721902456e-17
976,442721,1,34.59628919049283,3.541905740451702e-97,6.645270985781605,7.76112072325034,1.115849737468735,1.1184965496163271e-94
987,4316,1,5.315591132611543,1.7444201342138482e-07,1.0960366501911185,9.16886272878498,8.072826078593861,6.071067752484391e-07
993,1513,1,8.641292949546035,2.328553480315379e-16,1.1244519704539346,11.143321992831812,10.018870022377877,2.0576319413685233e-15
996,5320,1,7.75648380253009,1.607708547880035e-13,2.119376287943222,6.1601432111223655,4.040766923179143,1.1087645157793345e-12
1003,6422,1,5.120222928077425,4.973664566648525e-07,1.1724551517430903,8.917096570166999,7.7446414184239085,1.6280407746803684e-06
1006,6710,1,14.46564523471198,1.8054622619874125e-33,2.021700345542283,9.119994500755293,7.0982941552130105,6.94408562302851e-32
1019,4017,1,8.926510878733996,2.9236289504067355e-17,1.0382789313343324,11.08552466630728,10.047245734972948,2.7977310530208e-16
1027,1301,1,8.177830641479318,5.2912532451496204e-15,2.0961924604079742,9.521216918754963,7.425024458346988,4.1718159620102133e-14
1030,10763,1,14.787152705829305,2.1342294204374494e-39,1.6264649041193753,11.134052383835408,9.507587479716033,1.1641251384204268e-37
1039,9499,1,34.69227906627115,5.497733577480834e-102,6.178688585311079,8.224397302950086,2.0457087176390067,2.1990934309923335e-99
1089,151887,1,9.56718882464568,1.857238302206492e-19,1.1837920148551433,10.832963340386321,9.649171325531178,2.176451135398233e-18
1114,10512,1,9.223521763452423,1.183417249828582e-18,1.1530685976008943,11.227535934740644,10.07446733713975,1.2816793319443127e-17
1121,5118,1,8.868922451683282,4.190036894135787e-17,1.1229769687584934,10.663450956116723,9.54047398735823,3.9404735681527775e-16
1122,6424,1,7.219873089440745,3.035142689196748e-12,1.9171803241578207,8.859923207971757,6.942742883813937,1.8102242679105854e-11
1132,7145,1,12.328990720219407,3.771155098291592e-29,1.2376516898079597,11.24110520634999,10.00345351654203,1.1663366283376059e-27
1156,3671,1,10.100455899784208,3.1038671571414138e-21,1.4590920089446762,10.85140850730405,9.392316498359374,4.300970656546993e-20
1187,131578,1,6.936588054985016,2.257790553789693e-11,1.4639569616537536,9.636561723919908,8.172604762266154,1.2270207579360573e-10
1211,4311,1,7.002983349384225,1.0482384577771116e-11,1.1523632827466326,8.527040825250882,7.37467754250425,5.888980099871413e-11
1233,200539,1,20.98269027707122,1.8506636497053965e-53,3.5720951539889034,8.506601553702271,4.934506399713368,1.790964822295545e-51
1261,54587,1,8.961577572325647,2.2744585266639822e-17,1.1037226393950323,10.292209881948256,9.188487242553224,2.1940114405118797e-16
1264,26585,1,9.83603980009469,2.2407249345515133e-20,1.4064455998816427,10.704768917208078,9.298323317326435,2.8126254408596403e-19
1270,2006,1,5.739987510292834,1.9945582182995537e-08,1.1310123867463089,8.679676123091994,7.548663736345685,7.842299678766266e-08
1274,50509,1,9.33860583873289,1.5132663171229245e-18,1.1267231547294934,11.134768039395588,10.008044884666095,1.6300893900785542e-17
1320,8038,1,9.737482843942828,8.032334567005415e-20,1.431850609811427,10.468692625685438,9.036842015874011,9.775660730635393e-19
1352,10272,1,7.590065692836717,2.213694807595513e-13,1.0135555177451039,10.597241872656783,9.583686354911679,1.4957397348618331e-12
1369,92745,1,6.350864180330029,6.266198637252554e-10,1.0775620252513747,10.60952427491002,9.531962249658646,2.894318077252912e-09
1371,10417,1,11.826248566618382,5.471555168832845e-28,1.2319245689940086,11.236650454763081,10.004725885769073,1.5783332217787055e-26
1372,6345,1,20.055834884572743,3.376493634442781e-58,3.82571263985597,7.663208587782555,3.837495947926585,3.8959541935878244e-56
1373,4624,1,24.541534639200417,7.28105667509932e-64,5.028655762795566,6.147522869485742,1.1188671066901754,9.497030445781722e-62
1464,3624,1,8.700835726861666,7.89859872104257e-17,1.6208707185188747,10.054077387505963,8.433206668987088,7.246420844993184e-16
1475,94031,1,11.145703986849384,3.3019015373011466e-25,1.4106167496750484,10.703430495547709,9.29281374587266,7.178046820219883e-24
1483,127294,1,16.131831878201794,7.657875343484277e-46,2.7515213053847276,9.164611177892986,6.413089872508259,5.967175592325411e-44
1488,5396,1,8.923229159536112,1.5798726058468286e-17,1.0636948362962464,10.714389043295423,9.650694206999177,1.548894711614538e-16
1490,11117,1,8.503461925601211,6.315190780631653e-16,1.1678132439491105,10.328508175303812,9.160694931354701,5.344308135936518e-15
1534,389125,1,26.040987480824786,1.6682578733277136e-71,4.3437692872026865,8.371252466670288,4.027483179467602,2.6340913789384954e-69
1548,2162,1,14.971060349774508,2.1817089265610848e-39,2.2052693059674287,10.103468794648252,7.898199488680824,1.1793021224654512e-37
1566,23452,1,12.447803836654474,1.4093285944140522e-29,1.3145450781889974,10.933611373045455,9.619066294856458,4.49785721621506e-28
1575,54829,1,8.873168281246917,8.18224440873923e-17,1.6092869938816428,9.681612875301152,8.07232588141951,7.495185717929067e-16
1585,9645,1,9.92450360206674,8.75877078557112e-21,1.0012091532138463,11.07958980044155,10.078380647227704,1.1474372208171772e-19
1598,1734,1,7.208834920515796,3.2396876549938442e-12,1.0183577596615194,10.180000706137061,9.161642946475542,1.928385508924907e-11
1619,57124,1,8.59190891657355,2.851686984879335e-16,1.020176816028087,10.306216983304287,9.2860401672762,2.501479811297662e-15
1624,6271,1,23.754355406582267,7.556166737319797e-67,3.5402118339317425,8.16713564842796,4.626923814496218,1.0303863732708815e-64
1696,25903,1,9.072679504322565,1.1821863549995032e-17,1.1318302132056868,10.162109173830284,9.030278960624598,1.1704815396034684e-16
1731,6366,1,5.699486125874058,2.544713215045056e-08,1.2476203500146221,8.71663013555787,7.469009785543247,9.908033283757517e-08
1769,4907,1,7.068025456946947,6.943174619269486e-12,1.0632347363817551,10.101602225468493,9.038367489086738,3.971310554396274e-11
1777,5224,1,11.420834542905238,3.1402716434792383e-24,1.7270419072497365,6.570599977665432,4.843558070415695,6.097614841707259e-23
1794,56265,1,7.742480059953223,1.0254485772846e-13,1.0488483873167702,8.950466163868256,7.901617776551486,7.187723672555607e-13
1817,27063,1,34.34496659310172,7.588601795354991e-116,6.289943040322435,8.945783780971611,2.655840740649176,6.504515824589992e-113
1826,6387,1,8.32015872330544,2.3626538690939498e-15,1.246921415437626,9.462904958747288,8.215983543309662,1.9234631227359157e-14
1850,22998,1,11.773044977420664,1.4184829140981623e-27,1.5592344053869196,9.443952204004564,7.884717798617644,3.8165459572147866e-26
1864,1009,1,8.999895761324986,1.2808423081488526e-17,1.3671655740735638,10.231160939086807,8.863995365013244,1.263989119883736e-16
1870,4621,1,28.463318891968033,1.1251407509867425e-87,4.457695625682176,9.508152438264993,5.0504568125828175,2.700337802368182e-85
1871,4208,1,21.018673414832232,2.2481759871823776e-59,2.4023139755983713,9.73431351124269,7.331999535644318,2.6978111846188534e-57
1883,4634,1,21.817515208987736,1.595472448675006e-54,4.29896910229975,5.61653860716998,1.3175695048702307,1.679444682815796e-52
1915,4239,1,5.769591053820189,1.870921404953266e-08,1.0418678838852289,8.64445287924383,7.602584995358602,7.390077965582356e-08
1933,1300,1,9.747699018775114,4.706913722343405e-20,1.977435753513598,9.292718692605415,7.3152829390918175,5.811004595485685e-19
1934,347,1,9.096564607316617,6.531727251221872e-18,1.550260152428348,8.32808037117895,6.777820218750603,6.620354028960538e-17
1947,115908,1,8.733100935515004,1.0240396469837827e-16,1.1598792824561954,10.215835183078726,9.05595590062253,9.295367446146287e-16
1982,1760,1,11.238283022492762,9.334317624605472e-24,1.086267135405441,9.914458467292759,8.828191331887318,1.7232586383887025e-22
1999,1339,1,30.69116962155555,5.0522850354784455e-85,5.706359732192932,6.794357904934114,1.0879981727411823,1.1227300078840991e-82
2000,3861,0,12.377563075130015,8.111737802150202e-30,2.3739603072887476,18.861815000971355,16.487854693682607,2.6308338817784437e-28
2002,3853,0,10.561930837590626,2.8956030234164323e-23,1.4276738272448917,18.567159097376948,17.139485270132056,4.963890897285313e-22
2003,3868,0,11.113649379735378,1.1970038616151107e-25,2.156013986379943,17.401427528914212,15.24541354253427,2.7204633218525246e-24
2005,3872,0,11.713112738330352,5.91797964813737e-28,1.595253087119307,17.94507374174525,16.349820654625944,1.682837814636219e-26
2007,3854,0,11.16760001873423,7.575944223013292e-26,1.9329761632412072,17.221827028089287,15.28885086484808,1.7756119272687405e-24
2014,6280,0,11.070725715805489,1.3736886925874782e-25,1.9524618862646825,16.501818740634473,14.54935685436979,3.086940882219052e-24
2015,286887,0,10.221185753195691,2.340087042060487e-22,1.9219862217235626,15.949683429422269,14.027697207698706,3.724276459512711e-21
2021,6279,0,10.340621552228743,7.888580682023215e-23,2.0203367083049173,15.588770189179819,13.568433480874901,1.2932099478726584e-21
2022,6707,0,3.4143701604295082,0.0006932334522835987,1.1905526292172706,11.598873407003309,10.408320777786038,0.001418138668156015
2024,2810,0,12.255154382874204,2.283309085773727e-30,1.2113837016985904,16.441621445857873,15.230237744159282,7.653550008180091e-29
2028,5266,0,11.9819224408833,3.23795138315634e-29,2.869829020693187,14.748616792857788,11.878787772164602,1.0066170103076704e-27
2032,2167,0,5.073027150377869,5.878401878337463e-07,1.5859509548954716,7.53645339037294,5.9505024354774685,1.910639830445546e-06
2034,3848,0,6.525570222595199,1.6994099956160828e-10,2.4408431085143345,11.391408205621108,8.950565097106773,8.344075264890751e-10
2042,6273,0,11.677901608082289,5.388425275113894e-28,1.3284037945006375,15.591666781080297,14.26326298657966,1.561862398583737e-26
2045,6699,0,11.24613936756584,3.1982804978501227e-26,2.393085029076447,14.770686605998495,12.377601576922048,7.645292026733361e-25
2047,6700,0,9.201862149642476,9.66102828353424e-19,2.3051910291176387,13.650082738139176,11.344891709021537,1.0558500856321573e-17
2050,49860,0,3.637811401541231,0.00030512358914066103,1.381251354185431,7.57374657037307,6.192495216187639,0.0006633121503057848
2060,1476,0,9.078259126939622,2.9448947862860623e-18,1.0214182481602716,14.4821235378393,13.460705289679028,3.07293369003763e-17
2068,374897,0,11.605302218355419,1.2705002064007504e-27,2.7790267436442218,13.877672611562653,11.098645867918432,3.4967895589011475e-26
2070,7053,0,4.5772067319384355,6.0257080108769356e-06,1.6837213038950436,9.063621952849706,7.379900648954663,1.7118488667264024e-05
2071,51458,0,5.295398835158603,1.7875967742252241e-07,1.3840866771376081,12.057631947301795,10.673545270164187,6.206933243837584e-07
2072,6698,0,8.104762910700819,4.130167631816568e-15,2.045705344126784,13.522780195681245,11.47707485155446,3.295346514747262e-14
2074,2706,0,12.807490316118669,1.6037474201205521e-32,1.965897772432804,14.804966250862627,12.839068478429823,5.7966774221224775e-31
2077,6704,0,9.80017317657005,7.584701375681303e-21,2.7316611382159692,12.844343282001907,10.112682143785937,1.011293516757507e-19
2081,360,0,6.896647232689925,1.6334482221833034e-11,1.2322648879011204,13.828786177461133,12.596521289560012,8.999714722773022e-11
2083,6278,0,11.585111051609402,1.3409795451134137e-27,3.010090612502683,13.387870030155867,10.377779417653183,3.657216941218401e-26
2086,6590,0,11.55002636713857,1.7223073906721814e-27,1.830047995753679,13.484985816005748,11.65493782025207,4.5928197084591505e-26
2097,9547,0,5.233046595632891,2.4738994670683545e-07,1.1272119702694496,13.285742806353237,12.158530836083788,8.457775955789246e-07
2107,8581,0,7.860615385702747,2.423844254974359e-14,1.6210351594605683,13.589146039911425,11.968110880450856,1.786617386958987e-13
2108,6703,0,10.75167262422324,2.1594408730141565e-24,2.478539314502724,13.229723998203541,10.751184683700817,4.3772450128665336e-23
2112,1475,0,7.643384073224923,1.1060453382614381e-13,1.166769159209661,13.35616685069031,12.189397691480648,7.716595383219335e-13
2119,3963,0,8.158772502658577,2.820245834015687e-15,1.6242021859319031,12.8605380156483,11.236335829716397,2.2897801088084064e-14
2142,57402,0,10.563582503339154,1.8448314020305675e-23,1.2795352724033542,13.918681474522275,12.639146202118921,3.284566294416441e-22
2147,1828,0,9.006719689390145,4.513416190431834e-18,2.7538700849450173,11.52198505963459,8.768114974689572,4.637071428525857e-17
2158,27076,0,9.342070954986863,3.2473285693466703e-19,1.1324479813293777,13.862423463418738,12.72997548208936,3.73256157396169e-18
2160,3489,0,7.065634793252049,5.424179955074047e-12,1.28495821099993,11.096585830834451,9.811627619834521,3.126328504365445e-11
2161,93099,0,10.579658155542715,9.835194595357596e-24,1.9624710270797685,12.664588573637944,10.702117546558176,1.8046228615335038e-22
2162,144568,0,5.927776816661577,5.777768441188927e-09,1.2937791422247553,11.957542099373942,10.663762957149187,2.389153042531603e-08
2170,1824,0,8.5984072097276,1.0645887907271453e-16,1.0397070935539645,13.55438429147872,12.514677197924755,9.648841003569293e-16
2179,3713,0,11.142063022248015,7.922989567985544e-26,2.2554264663542742,12.9211919942627,10.665765527908425,1.8497251909693876e-24
2190,5655,0,10.651889416058271,6.731958098081786e-24,2.2506273986181764,12.926197630137526,10.67557023151935,1.2661990153131886e-22
2193,388533,0,10.526497817671574,1.5670163036752742e-23,3.098281564643411,11.819719280127153,8.721437715483741,2.8234527994149084e-22
2197,3557,0,9.788796723802355,8.277036927927195e-21,1.266768814298624,12.689670731997566,11.422901917698942,1.0914773970893004e-19
2198,84518,0,9.435730796381494,1.6732722890683452e-19,2.026851011461929,11.639430062501123,9.612579051039194,1.968555634198053e-18
2201,7051,0,11.813756704057512,1.4456787515566147e-28,2.2682302277045583,12.568880319845313,10.300650092140755,4.337036254669844e-27
2224,9635,0,9.366865106897526,6.145269016237864e-19,1.277868832345657,14.02732055715874,12.749451724813083,6.828076684708738e-18
2238,57016,0,5.893969690346458,6.9513551484261205e-09,1.3651951924408667,11.585971045825746,10.220775853384879,2.8489160444369345e-08
2243,113146,0,9.209441215414966,1.7224385824579983e-18,1.0782951995200438,13.86332922844252,12.785034028922476,1.842180302094116e-17
2262,6706,0,9.392879645868337,2.3511322993978866e-19,2.8958734289399635,10.257600873594859,7.361727444654895,2.7445124117485058e-18
2266,3934,0,7.175717944874299,2.6338127776875066e-12,1.471642128386046,11.784953279785963,10.313311151399917,1.5850427949974967e-11
2287,196374,0,6.13852690570025,1.7125271636962376e-09,1.5516084804413488,8.458047186149573,6.906438705708224,7.571969773159488e-09
2294,6317,0,8.810123531454888,2.0884618926238232e-17,1.98229717425032,12.047604865550019,10.065307691299699,2.021092154152087e-16
2296,10804,0,10.019024481897823,1.299500745393967e-21,2.0118974643402687,12.814919453000432,10.803021988660163,1.8787962584009162e-20
2304,1041,0,9.56767741734898,5.107224798791137e-20,2.6663194794207232,10.250719225368968,7.584399745948245,6.279374752612054e-19
2307,9982,0,10.71350177532271,4.067744877576505e-24,1.641155726051915,13.029001867949631,11.387846141897716,7.77276091256657e-23
2315,7277,0,11.085982066905531,1.1571151666305576e-25,1.0605631418291086,13.350914134908692,12.290350993079583,2.639806463795949e-24
2320,5268,0,10.527995913843295,2.217961345967692e-23,1.0503870157432669,13.637488288455737,12.58710127271247,3.8685372313389975e-22
2333,563,0,3.970956201456241,8.24693722365994e-05,1.0461062790712097,6.344411765768254,5.2983054866970445,0.0001983231396471328
2334,3576,0,6.8109652909472524,2.8569275265318388e-11,1.1780513266616932,10.547108336759997,9.369057010098304,1.542895153842577e-10
2360,653499,0,6.450296769644304,2.6421368990198986e-10,1.5030543869158848,11.359200798514511,9.856146411598626,1.2682257115295512e-09
2369,338324,0,10.598246048769465,8.390895447392974e-24,3.0146831605446085,10.416614946765977,7.401931786221368,1.5635208908185665e-22
2377,1992,0,11.66745603023361,5.667236552631404e-28,1.201824233073502,12.597961283224985,11.396137050151482,1.626957861999446e-26
2379,66004,0,7.554410388066524,2.38975899619789e-13,1.341476238944324,10.983464177433452,9.641987938489128,1.6074612082048588e-12
2391,2171,0,11.873386856501224,1.186243061857465e-28,1.8597192650770396,12.691014789016684,10.831295523939644,3.612923031037965e-27
2395,84648,0,9.997767649131935,1.472307552625732e-21,2.8203004524435284,9.899739506170784,7.079439053727255,2.1184281332744342e-20
2400,84985,0,11.153143667951708,1.1045283302806562e-25,1.7939015730921088,12.685736190125976,10.891834617033867,2.5391455868520834e-24
2465,126638,0,4.929568080057388,1.1537266674847556e-06,1.4403722931387808,6.939812718570484,5.499440425431703,3.616698017193591e-06
2485,1382,0,8.021696583595586,7.620443702675061e-15,1.1193641012340123,12.067157372079002,10.94779327084499,5.899698350458112e-14
2499,5650,0,10.130786771553542,5.887559812910098e-22,2.562135580171372,10.905021467689958,8.342885887518586,8.853473402872327e-21
2521,5744,0,7.888021911151617,2.2557028555196833e-14,1.3621200001994822,11.866143381902006,10.504023381702524,1.6688307192500742e-13
2529,25818,0,9.583251234931716,5.610442604359537e-20,2.7530544907978785,10.579936279755524,7.826881788957645,6.869929719623923e-19
2536,5275,0,6.037668609093369,3.055924999586997e-09,1.0927606682483066,10.957852053219224,9.865091384970917,1.3096821426801415e-08
2548,9119,0,7.180318419985708,2.5512373390932577e-12,1.8939128259958302,9.615469408422147,7.721556582426317,1.5368899633091912e-11
2550,341208,0,9.795950109678317,8.27200520478115e-21,2.3855236014542953,10.745330188614119,8.359806587159824,1.0914773970893004e-19
2568,26085,0,8.211511628689772,1.8901953993369714e-15,2.196919426683814,9.77480306439271,7.577883637708896,1.5472267934545467e-14
2571,6705,0,8.828439952466116,1.9952543397721434e-17,2.569107896325092,8.506102154045209,5.936994257720117,1.9393522557286046e-16
2591,342897,0,7.561922931013219,1.921945232118095e-13,1.5335553793431025,10.62744025123876,9.093884871895657,1.310417203716883e-12
2598,54544,0,11.108912865217572,9.014556511777118e-26,2.821701040487201,9.346134404980146,6.524433364492945,2.088314249832537e-24
2601,8796,0,7.1301285813964626,3.5394792048772654e-12,1.4785993500084995,9.906212856301885,8.427613506293385,2.0923029782525708e-11
2607,64073,0,9.05808365059056,3.4555373912954984e-18,1.2631250682217097,11.217576250576915,9.954451182355205,3.5808677630005165e-17
2611,57152,0,7.82016445774149,3.259300827268986e-14,2.2186268598683814,8.103077826959941,5.88445096709156,2.387766173823433e-13
2613,7378,0,13.396051470488775,4.323775388080424e-35,1.4048574846165796,11.517568027445705,10.112710542829126,1.839904420459755e-33
2623,5055,0,7.575894581501457,1.7454332869499367e-13,1.5516222333978558,10.484214491927395,8.932592258529539,1.1968685396228135e-12
2626,126917,0,9.796950701448603,7.637317016793894e-21,1.0029093103265883,12.118866901555972,11.115957591229384,1.0138031438221982e-19
2630,6701,0,9.814664424997655,7.612254021023297e-21,2.983890144474379,8.83562285099215,5.8517327065177716,1.0127167212004386e-19
2633,771,0,8.352974612986161,9.246069543941655e-16,1.0507248104333389,12.544068628025393,11.493343817592054,7.758939477433556e-15
2643,151516,0,5.996813755026184,4.304741167577927e-09,1.4296083556114363,8.521101562114842,7.091493206503405,1.809982270880698e-08
2646,5653,0,9.704716255078903,1.7192912515153256e-20,2.3502943027466134,10.274285044472911,7.923990741726298,2.176318039892817e-19
2647,374918,0,6.198124140778297,1.214028343718407e-09,1.5902734129041143,8.612385315115997,7.022111902211883,5.468596142875707e-09
2678,6318,0,8.752127948055032,3.466377513298775e-17,2.0383097513444355,10.437163762960127,8.398854011615692,3.2856658893827256e-16
2698,2312,0,5.871737017217798,8.01406180476997e-09,1.404677285311732,8.006998324234589,6.602321038922857,3.2666012791181944e-08
2734,57451,0,8.027921784776124,1.0246799488295086e-14,1.4813492686203595,11.773865291601387,10.292516022981028,7.82198434220999e-14
2759,5836,0,11.233017585569575,8.105838047682823e-26,1.137846097698164,12.417094731575178,11.279248633877014,1.8850786157401915e-24
2798,9407,0,5.635989769445685,2.9176815306794706e-08,1.3014260459593778,10.495627168073533,9.194201122114155,1.1229050150145491e-07
2830,10158,0,10.966369618299531,4.148907987699782e-25,1.848329714873687,11.44891141738766,9.600581702513972,8.922382769246844e-24
2835,2919,0,6.1859483566875975,1.2968475666228303e-09,1.1000166958760467,9.965499211976578,8.865482516100531,5.806780149057449e-09
2836,222,0,7.564501399139004,1.9009085906837715e-13,1.1691166615848623,11.224637125871826,10.055520464286964,1.297548526064008e-12
2847,26525,0,11.221630275128241,3.267422121357521e-26,2.3611698882440333,10.678756643734964,8.31758675549093,7.779576479422669e-25
2868,387695,0,10.595517847428454,8.809493116301548e-24,2.1509772184290945,10.88544153868278,8.734464320253686,1.6364383497773774e-22
2895,760,0,10.187818782928446,2.8928295341767664e-22,1.6017870718416027,11.077951584157233,9.47616451231563,4.555637061695695e-21
2909,6286,0,6.844752973898153,2.269742417907101e-11,1.4327530537539737,9.477764409157533,8.04501135540356,1.2313250006729302e-10
2937,11202,0,12.319168861060337,4.2976038593549816e-30,2.670663674494877,10.73634826850374,8.065684594008863,1.409050445690158e-28
2964,729884,0,7.0225462485694425,7.177865943548205e-12,1.6202416068038952,9.33948005522888,7.719238448424984,4.0977350771921244e-11
2966,192666,0,3.744416624153986,0.00020427596942408234,1.2950678408948777,5.454725130984376,4.159657290089498,0.0004592191144790161
2968,29984,0,8.627550945459033,8.437905891768246e-17,1.0232886942340667,11.292278128606016,10.26898943437195,7.705850129468717e-16
2986,53833,0,7.764024172103889,5.047451964922169e-14,1.074914909126873,11.428949345945318,10.354034436818445,3.6487604565702425e-13
2991,338785,0,4.36739186964869,1.558714349292628e-05,1.0885903078145236,4.742315425492401,3.6537251176778773,4.183881202757109e-05
2995,4103,0,2.718071044450228,0.006815796048055854,1.1573871730062653,5.721791955008334,4.564404782002069,0.011670883643931257
3024,4084,0,11.576124587320447,1.2962913821257979e-27,1.0398668556273059,11.55192811313691,10.512061257509604,3.5514832387008164e-26
3028,643161,0,11.313112717678335,1.43053533994662e-26,2.8377141277880096,8.510939890981128,5.673225763193118,3.5614987716513356e-25
3046,6820,0,10.831983821407356,1.063694696205822e-24,1.7656726980848827,10.694151439940612,8.928478741855729,2.2293629509720563e-23
3080,84651,0,7.503665616697061,3.1489161131960545e-13,2.276520113585322,6.777808619107023,4.501288505521701,2.0831324301389973e-12
3081,79098,0,10.07719171895051,1.9399322533325063e-21,1.1429886092792518,11.44665776560083,10.303669156321579,2.732298948355643e-20
3086,83886,0,6.907745315192832,1.5482320569807833e-11,1.344140065853984,8.80897941990531,7.464839354051326,8.545899118569181e-11
3090,1823,0,6.45404392636834,2.6180464719437443e-10,1.8352907500806346,7.358583906179649,5.523293156099014,1.2586761884344925e-09
3101,11012,0,8.806785175547926,2.447274720092633e-17,1.7847862386891027,10.732495758131256,8.947709519442153,2.3531487693198394e-16
3198,8061,0,10.511330045977509,1.7892899629587786e-23,1.2122562288811398,11.20704893859693,9.99479270971579,3.195160648140676e-22
3207,54869,0,9.272646024696362,5.695750657351634e-19,1.0910611514235669,10.263092647483091,9.172031496059525,6.363967214918027e-18
3263,84283,0,10.732822906117503,2.6721059470551233e-24,1.079046931868488,11.399090761664233,10.320043829795745,5.29129890505965e-23
3284,375791,0,8.885864015458356,1.2119937466730898e-17,1.685486877663278,8.974126734565164,7.288639856901886,1.1980168830376506e-16
3294,353145,0,9.850634678257018,5.205242867937249e-21,2.683744823914747,8.05466695888261,5.370922134967863,6.98690317843926e-20
3297,4753,0,6.462037316170481,2.5160336228493364e-10,1.2421815785972754,10.048577530169142,8.806395951571867,1.211573173121671e-09
3306,200315,0,7.405822899471732,5.619422955174763e-13,1.27208504571629,9.570355160741029,8.298270115024739,3.617654262988045e-12
3361,284348,0,9.466072143526409,1.5108842643967497e-19,1.3768441496299353,9.802520424358281,8.425676274728346,1.7845089736969483e-18
3367,25984,0,6.874555293635476,1.8643938415489608e-11,1.4321554634060947,9.012745149120043,7.5805896857139485,1.0197231585500243e-10
3383,5522,0,10.052506355267507,1.7366516237094473e-21,1.6061677672272232,11.221508027598453,9.61534026037123,2.4633356364673014e-20
3394,3552,0,11.665100312200895,5.838257936056043e-28,1.9903987367586096,9.795823061520565,7.8054243247619555,1.6680736960160122e-26
3427,646,0,8.688990925602056,9.929943081826276e-17,1.0015166667607645,11.58342381872726,10.581907151966496,9.040919346124075e-16
3438,4747,0,3.9394005861242025,9.334419449966864e-05,1.0106486077754298,9.103426489053007,8.092777881277577,0.00022198381569481248
3446,118430,0,5.201649744460456,2.991270068591846e-07,1.425034987237765,5.223212512449434,3.798177525211669,1.0094274697160334e-06
3474,115572,0,9.334456258518031,3.394095505203073e-19,1.429682192301847,10.355060569329229,8.925378377027382,3.871591831030121e-18
3513,43849,0,7.256405163096232,1.592411043407687e-12,2.0232336968008475,8.009300296232277,5.98606659943143,9.799452574816535e-12
3539,54626,0,8.894828038582181,1.3283003141404173e-17,1.0218240243802192,11.00515430819538,9.98333028381516,1.3086702602368642e-16
3544,6947,0,5.3770676530670345,1.174672168000705e-07,1.433203545479734,6.980435002636043,5.547231457156309,4.187779565064901e-07
3557,9022,0,8.07004360573348,5.559835320244389e-15,1.2926122301310468,9.300246979158835,8.007634749027789,4.372085441869768e-14
3586,9435,0,7.992577262717649,9.905856830508303e-15,1.0492815069306989,10.395577747057311,9.346296240126613,7.581012880491049e-14
3627,348938,0,9.134970683447062,1.6437400083275577e-18,1.6879762803850529,10.714197272094259,9.026220991709206,1.7643005456109743e-17
3629,242,0,8.39639369899912,5.172157002303462e-16,1.9926059940438474,8.57300080916433,6.580394815120483,4.414358750187877e-15
3656,374,0,9.866820744635467,4.66886065357966e-21,1.6986052177181996,10.032493686533565,8.333888468815365,6.309271153486027e-20
3699,56300,0,12.652385225565624,6.991976945055639e-32,2.406052374840397,9.975223898274999,7.569171523434602,2.482358678717978e-30
3716,5017,0,9.483635406679346,1.023614241142282e-19,1.1862819143207552,10.641986726235192,9.455704811914437,1.2273081531826216e-18
3719,3553,0,9.267302014503834,6.097117756224606e-19,1.3565867720424194,9.551286443758295,8.194699671715876,6.787144070008838e-18
3720,11226,0,8.230626154583325,1.7761629383956838e-15,1.0762540292504639,10.71395450448094,9.637700475230476,1.457862876932162e-14
3727,43847,0,7.018373402179821,7.857829663306732e-12,1.979255593921451,6.637658336018026,4.658402742096575,4.464675945060643e-11
3820,128876,0,6.389411034550931,3.82269274285834e-10,1.1963471415308238,10.05681678272251,8.860469641191687,1.8045756457238425e-09
3844,2069,0,10.7185195044025,2.9320433779404135e-24,2.62850111065368,9.140476603928121,6.511975493274441,5.730377937342828e-23
3852,26154,0,9.240417322625817,7.087414169591926e-19,1.4582004025686093,10.012209349298475,8.554008946729866,7.831396872477266e-18
3855,448834,0,7.130278172468622,3.83147886680106e-12,1.8329245420136804,6.829252137966913,4.9963275959532325,2.2538110981182706e-11
3874,1672,0,7.499184088036294,3.076395836826717e-13,1.5094957542246181,8.706952477366796,7.197456723142178,2.0463830400177715e-12
4001,3860,2,6.251633325529794,1.888797639887411e-09,2.2276823688281713,14.29469749972484,12.067015130896669,8.308494017100048e-09
4009,3851,2,2.4622536666268005,0.014719745727205824,1.1030431967488639,9.71528735435876,8.612244157609895,0.02346399425165647
4010,6779,2,4.696295789796363,5.152566492936384e-06,1.4957705572383442,3.3452896767680307,1.8495191195296865,1.477791537171047e-05
4011,5555,2,4.581305689831091,8.809841110116918e-06,1.0714088177161214,3.0325666021657076,1.9611577844495862,2.4539947381941275e-05
4017,8755,2,6.748922992584461,1.639290172065134e-10,2.037057752279404,15.317280542244422,13.280222789965018,8.068696499090078e-10
4023,276,2,6.18609860318115,6.150394298623161e-09,1.6547206784296637,3.33137264520935,1.6766519667796862,2.532763609590869e-08
4025,124220,2,4.732482898845619,4.0768993442700214e-06,1.3232855005194706,5.729989754375971,4.406704253856501,1.1903355749693492e-05
4026,4057,2,5.727545471330846,4.375645875141229e-08,2.457810257826531,8.367228736214198,5.909418478387667,1.6470436167407388e-07
4030,96610,2,7.241605753074211,1.0760169819625037e-11,1.7789004609563843,14.436032652419339,12.657132191462955,6.033740085771049e-11
4038,92747,2,2.835740151421129,0.005143354968045412,1.4487477359996106,4.662026466666704,3.213278730667094,0.009021037518523975
4049,3880,2,17.11617196563348,8.473324541822317e-49,4.939809632903092,14.928183331872043,9.988373698968951,7.368108297236797e-47
4073,3866,2,7.133224786945193,3.3934065369229243e-11,1.7935535224291126,14.004891642733568,12.211338120304456,1.808209522339036e-10
4090,260436,2,7.0146843509444,6.103591623098627e-11,3.2495747087455484,7.6602287058729415,4.410653997127393,3.1515963630457627e-10
4100,727897,2,2.1957887312995865,0.029480614966886053,1.0394640795824728,5.310247241944665,4.270783162362192,0.044143671026033525
4122,5544,2,5.320109025199472,3.02029126972733e-07,1.1106130110598287,2.722096694301446,1.6114836832416175,1.0186479830446308e-06
4138,5284,2,4.674347765895638,5.501049199634993e-06,1.7771625210398714,6.770566351631319,4.993403830591448,1.569486219582024e-05
4168,218,2,6.359116436774979,1.5273954536666544e-09,1.8153647988838628,11.581141644907008,9.765776846023146,6.788424238518464e-09
4205,394263,2,2.65919454052905,0.00850385029166913,1.0965595736473528,5.61966130794847,4.523101734301117,0.014244305346179448
4235,3856,2,11.774122154424726,4.7029296954166656e-26,2.458659479440266,13.102238094064557,10.64357861462429,1.1065716930392154e-24
4271,1048,2,3.484549119427776,0.0006138674172636356,1.1682576307593209,9.972990347138426,8.804732716379105,0.0012722640772303328
4275,4922,2,8.685202546532162,3.3204567838154107e-15,4.000271794758245,7.838430712295024,3.8381589175367794,2.6741933829385858e-14
4280,1191,2,7.431021449982707,3.577755450097221e-12,1.3997961766694136,11.761071818002666,10.361275641333252,2.1107701770485078e-11
4289,10406,2,8.320216565207366,1.1784144851987768e-14,2.6110569618118316,8.736416387839219,6.125359426027387,8.893694227915296e-14
4338,4585,2,9.298940654595874,3.4341056725339104e-17,3.215054000356057,10.17056040000042,6.955506399644364,3.2602269043043454e-16
4368,3512,2,6.464969881008192,7.611083446511339e-10,1.82446068246076,10.691431465260662,8.866970782799902,3.4913226818859357e-09
4384,9415,2,15.347023966754692,8.618388438482471e-38,1.9083077800555923,11.32526722404703,9.416959443991438,4.2735810438756056e-36
4435,4915,2,11.862115460478385,1.3825703252577135e-25,3.054808247433888,11.70399332466035,8.649185077226463,3.0953066983381645e-24
4436,3855,2,4.5376969409881305,1.0420569079244125e-05,1.3054072357221491,9.014339182919743,7.708931947197594,2.8693627570199517e-05
4509,1999,2,6.908649078106373,8.118727906436292e-11,1.369530932596975,11.98799981962401,10.618468887027035,4.14220811552872e-10
4526,7348,2,6.232132055648823,3.3340241473526106e-09,2.750409357467233,7.59572578811953,4.845316430652297,1.4220282846239003e-08
4540,92304,2,3.860735110992305,0.00016231048700568972,1.522396360418076,4.257109409551471,2.734713049133395,0.00037170340535654133
4545,79784,2,7.678876940273608,4.1499719572497287e-13,1.4181206152586299,12.288991179656918,10.870870564398288,2.7123999720586463e-12
4558,8689,2,6.470592110748847,1.82730226681212e-09,1.7050588248312446,2.768589922632978,1.0635310978017334,8.057985651598596e-09
4562,4477,2,6.141425069194464,6.120764946794456e-09,2.0311547404068677,5.418185998095784,3.3870312576889163,2.5222932473054076e-08
4570,6192,2,3.1866500217574565,0.001655784105057028,1.4070463048245294,9.415107792527104,8.008061487702575,0.003183179952048115
4635,8857,2,5.610546092188057,7.051699892529163e-08,1.2366002127762332,10.360656530734603,9.12405631795837,2.581464268161988e-07
4649,7033,2,4.800455163189835,3.4834304876278176e-06,1.3710579150812539,5.666226623171101,4.2951687080898475,1.026047271760771e-05
4656,216,2,10.236371775939462,2.8743301719039504e-19,2.90988170768356,10.46793543582627,7.55805372814271,3.3101691039200964e-18
4709,10103,2,4.822066412462308,2.7641655387623456e-06,1.0568572316698965,9.567200574768172,8.510343343098276,8.24303838597121e-06
4711,132724,2,3.7893105050780362,0.00020358674782679695,1.3428827235210172,5.166188460203651,3.823305736682634,0.00045846288715644914
4716,4192,2,10.365109215769476,1.652125916446282e-20,1.3150576730348114,11.90068098594165,10.585623312906838,2.100160063279172e-19
4724,10057,2,7.710386346940069,1.2575505684209917e-12,1.128372109703184,11.796037033616813,10.667664923913629,7.794734928229288e-12
4769,10537,2,7.966405089411076,2.4906321790853405e-13,2.0139314222874933,10.285775721996803,8.27184429970931,1.6678340484946475e-12
4831,2944,2,2.288744105680479,0.023234757078522187,1.079863414532296,6.274234240028004,5.1943708254957075,0.03542783798504018
4881,1056,2,9.589179424499974,5.353259055548915e-18,2.484593158402907,7.834254707360707,5.3496615489578,5.481152616602984e-17
4892,7412,2,6.797000967410375,2.3051899159765445e-10,1.6149945563458834,9.383208198391479,7.768213642045596,1.1136183168968814e-09
4901,2568,2,8.43346848791336,1.2322153043593798e-14,3.060800225001514,8.320986277878738,5.260186052877224,9.288055057985276e-14
4912,54959,2,4.7837602087294275,3.937948727895115e-06,1.5240028010263857,2.9357754259329174,1.4117726249065317,1.15200840406488e-05
4951,1356,2,8.271111631917861,2.191125159595663e-14,2.524988798287084,8.125875217327415,5.600886419040331,1.623055673774565e-13
4966,192666,2,2.677851364825343,0.008085895516067672,1.1200945320106683,5.589450290348709,4.4693557583380406,0.013608800307547275
5005,6657,2,12.216782203719632,1.1063032661994921e-26,2.5701251897217965,11.165923484682088,8.595798294960291,2.76575816549873e-25
5007,131,2,7.973571502507028,7.302749051863745e-14,2.6035771396505574,9.715066586389895,7.111489446739338,5.179254646711877e-13
5011,10568,2,6.654123941394373,3.171793304713606e-10,2.4120747573783583,6.410698612748946,3.9986238553705875,1.5115774287753483e-09
5017,280,2,8.234681777193781,4.01142620741263e-14,1.421877087175579,5.667255447011273,4.245378359835694,2.931614767902044e-13
5064,83888,2,3.091389986080062,0.0023623046670387094,1.1073028557481917,4.592524584735782,3.48522172898759,0.004403177384974296
5075,2052,2,8.969224879146722,2.3848574654961374e-16,1.027554498876306,11.316865517370196,10.28931101849389,2.1042859989671804e-15
5112,2938,2,8.057788830348057,1.4991154361384727e-13,3.381910530938959,6.642980005445673,3.261069474506714,1.0374501288155522e-12
5192,4072,2,8.331010102274742,2.4178289191468068e-14,1.6307621150112244,10.826152212891145,9.19539009787992,1.7843755860862042e-13
5231,2946,2,6.690266443818414,1.9883234761322636e-10,1.549205296964998,9.367741556934577,7.818536259969579,9.683393552592193e-10
5234,10551,2,4.6957737401355315,5.406324456680233e-06,1.2159753626820704,8.456106873456156,7.240131510774085,1.5461366415672733e-05
5243,1366,2,8.407221305985939,8.57331387640249e-15,1.3794127935192844,11.243576892191212,9.864164098671928,6.611810187456932e-14
5270,2006,2,5.535204662706994,9.702185436063901e-08,1.2397582890679537,8.866871724452956,7.627113435385002,3.4941844307553065e-07
5277,94025,2,4.726688945968107,4.5416155109538646e-06,1.4410437823033666,7.305400520026139,5.8643567377227726,1.3126056390040072e-05
5302,6376,2,8.572404624738935,1.515923026675113e-15,1.387508796281553,10.632811061492438,9.245302265210885,1.2532406580585498e-14
5312,284340,2,4.620387647668596,7.480739430192538e-06,1.388282580456342,8.820055095159708,7.431772514703366,2.1013313006158814e-05
5385,25849,2,9.156862128262981,5.353904665511312e-16,1.8964834516542188,9.273639043409563,7.377155591755344,4.556514608945797e-15
5428,57535,2,9.087455926749962,3.493032114115813e-16,2.185388138614763,8.118374331241464,5.932986192626701,3.0418276755725513e-15
5457,23225,2,11.991053435623229,2.9481946677909644e-26,1.7602587948259192,11.13975076217619,9.37949196735027,7.0756672026983145e-25
5507,362,2,3.0922673135178367,0.002316155759583223,1.031786103589535,4.606024293150201,3.5742381895606656,0.004329263102024716
5518,7345,2,5.715974990656584,4.275037953966629e-08,1.4452310838693743,8.845855897367668,7.400624813498294,1.6101837868047566e-07
5519,339967,2,3.5380977673226046,0.0005182236791026085,1.2493168943390236,7.774709447602186,6.5253925532631625,0.0010913801595702531
5540,9806,2,6.363973086086019,1.8000393185099297e-09,1.1100316335808014,9.758569602707546,8.648537969126744,7.947193459204988e-09
5574,54578,2,8.509029676734205,2.9549498928104093e-15,2.629656270252558,9.336245015254146,6.706588745001588,2.389447352676881e-14
5594,1029,2,7.8433529750416,2.4035670540657604e-13,2.5424457259126587,9.499543648057424,6.957097922144765,1.6149386701449676e-12
5613,26227,2,12.676233814247961,3.5333849962618453e-28,1.7172169361720862,11.01980351480758,9.302586578635493,1.0392308812534838e-26
5628,4257,2,3.3389812899304565,0.0010247030191887013,1.226605809729274,8.202285076308812,6.9756792665795375,0.002035159918944789
5655,2719,2,7.866887726456487,4.999038225360752e-13,2.3509330403311584,7.976898881045683,5.6259658407145245,3.234543932591569e-12
5661,2304,2,6.126838173819433,6.402884317264821e-09,1.237538019046342,10.689955190196315,9.452417171149973,2.6295212801908918e-08
5723,8543,2,15.234217719243851,6.48031060482702e-33,1.5082864491016217,11.344049100731628,9.835762651630006,2.385390406684793e-31
5824,54577,2,5.802428721255184,2.9497004314630128e-08,2.417929994264008,6.118619271227854,3.700689276963846,1.1345001659473126e-07
5842,10723,2,9.429152724566427,2.865548776848918e-17,1.2625060949094227,10.685585901784261,9.423079806874838,2.7465323739765984e-16
5847,131177,2,4.389548777005289,1.877163423884162e-05,1.2740835954809997,6.683535490625051,5.409451895144051,4.963852156590997e-05
5862,83699,2,7.514051250141755,2.02741818228087e-12,1.2696577104498905,8.364872232591795,7.095214522141904,1.23623059895175e-11
5895,21,2,10.150840491417373,1.0907293550022672e-18,2.375279114068693,8.693818932317875,6.318539818249182,1.1855753858720296e-17
5961,3965,2,9.570630412812566,7.167071959473848e-18,1.2272015056078267,10.597812527268072,9.370611021660245,7.179037021175807e-17
