_96_class,Sig_1,Sig_2,Sig_3,Sig_4,Sig_5,Sig_6,Sig_7,Sig_8,Sig_9,Sig_10,Sig_11,Sig_12,Sig_13,Sig_14,Sig_15,Sig_16,Sig_17,Sig_18,Sig_19,Sig_20,Sig_21,Sig_22
A[C>A]A,3.8811406462937175e-39,2.6570353878115266e-15,2.440300099317847e-47,7.100159341489576e-35,5.250697815151568e-45,3.1189163275794173e-19,2.2275096107746506e-50,8.614389222045375e-25,6.31191513999286e-34,2.9718207453594115e-35,2.943640265890468e-35,3.3687294738316524e-36,2.258795106287958e-35,5.961397783500927e-24,5.3720259266738236e-17,3.740468930964678e-46,1.7309008042188614e-31,4.155093564583658e-49,6.475765613127103e-43,5.842559898832909e-43,6.617022046674458e-19,0.6411996256997892
A[C>A]C,0.00012549364496762164,1.656247660353262e-14,9.769474631489119e-24,0.029798636577179988,0.10853171181822609,0.10257435495124712,9.794294250967136e-32,0.000812958597128639,1.4461253169795328e-37,2.7380789267700013e-05,1.4961745786104082e-18,3.3409856979991854e-08,2.4971991027019744e-18,6.409084021299702e-29,3.2676903057073764e-10,1.1682345169139078e-12,4.9337276232045335e-12,2.169431013548827e-15,7.964058915484629e-27,0.0006823441303387746,6.839964507769957e-05,0.0777832860159377
A[C>A]G,4.482674687982964e-16,2.66552167810969e-13,7.04680850134408e-49,1.7588129901737962e-11,1.786888818161495e-21,0.14956672666877754,2.586354238365232e-09,0.0004352714483024739,2.6974337958245853e-18,2.0256525375896718e-22,8.901303882312967e-38,3.4511142973692526e-31,6.473365946148235e-07,0.08004021204712534,9.428692486998906e-19,1.2933602888938293e-35,1.1447409773650885e-23,0.0498278375532774,0.05418962686532763,2.8123908313713025e-18,9.835400957193375e-34,0.0840042423243922
A[C>A]T,6.715669677342368e-23,0.001262339653010473,1.1275108851158546e-37,9.735959284791206e-29,1.529364132080345e-30,0.06949142969730611,1.9474737505641745e-37,4.622547065704535e-28,2.3615736257465115e-27,5.82646995221876e-12,1.0848668946686947e-21,1.4919786419015403e-31,1.588312266103182e-24,0.05032654837893178,8.181905056182953e-36,4.857385893211225e-17,2.1359975485778276e-16,0.15283639670814128,2.5579770970384645e-27,2.6852389388398966e-28,7.849433730213703e-24,4.674343867983053e-32
A[C>G]A,7.934260192269765e-32,0.15854737856467524,4.873613597930665e-41,2.5293403421048053e-22,1.0487126550230276e-44,5.165000900112899e-08,2.689631571496907e-37,0.618088417905994,1.448160308845009e-23,1.4955456012090058e-18,2.1014322862646475e-37,1.421532822896624e-25,0.08196610960632238,8.445883314151975e-42,1.258789466109416e-33,1.663366630373294e-26,1.8761833515736418e-22,1.0696934575170065e-29,3.6037594943149187e-28,1.47006255893936e-11,6.81016693054405e-36,3.1817017749432674e-26
A[C>G]C,6.666306321640848e-47,0.0009574328137556304,2.171693809145431e-48,1.8632536153190134e-06,9.945777155580347e-25,0.01956400013315997,4.243299694679139e-52,0.02128033601497451,7.473984270710006e-34,2.2033208291210195e-22,1.3869552638234162e-36,5.9140161409203075e-37,9.44497091911458e-21,6.349983943648675e-56,1.660424159780311e-13,0.0352386469566938,5.5079799061682e-35,0.11285778016887997,2.7896276889369056e-37,1.0866731408899312e-20,6.808698888686229e-21,7.771095767367169e-22
A[C>G]G,3.495502604903089e-28,7.454171192980223e-14,5.4349007418330116e-42,0.005786863017772053,7.862079387092288e-37,0.0422436915047088,2.6721263423264814e-30,0.022091987400427934,0.018390214847838,7.707997852627117e-15,3.559274190269893e-15,0.020777292570751053,3.8070708866889942e-28,1.6252089434771856e-32,0.02090632202332937,1.3842462042041983e-39,4.7515095934744744e-21,1.0281370219051262e-19,0.046436777680063546,3.0942134597007025e-50,2.622437858470198e-25,7.981193347396173e-11
A[C>G]T,1.145328663622805e-60,5.160433346749428e-47,6.277328189855963e-81,1.3475079203441883e-45,2.344029166931053e-91,1.4902324964085632e-52,2.0690103303309931e-72,3.0948383503248517e-54,1.494406151903532e-65,1.4762191262117069e-80,2.6926718006780725e-77,1.6141636927425416e-88,6.497524553950975e-48,9.590144491302047e-50,1.3254528819395725e-57,1.0876472650566385e-54,2.9501497300532735e-71,1.7119518016277944e-49,0.32550063609639857,4.019570675307392e-38,2.5628298289082793e-43,2.7329682931971567e-62
A[C>T]A,1.1779928899402513e-21,0.2165106838633598,3.2949447064000074e-33,1.347220743998092e-26,4.8106509583913264e-27,6.998146783282595e-09,7.383143285227306e-32,6.5102342357615526e-21,4.512910647685017e-16,2.7398296348759773e-22,3.2831486068314215e-45,1.439898965596104e-30,0.03790057294832223,9.693812161348845e-45,1.3443877229174907e-25,0.9607720759975891,2.8201004028630445e-18,1.0583221632240282e-15,1.0643966263314513e-23,3.37164870752158e-30,2.0532378454445375e-15,4.838276696389894e-29
A[C>T]C,2.0961732724168051e-66,4.230785882620763e-34,4.161056819245929e-51,8.573058687058785e-34,1.5233546347586517e-39,0.00871752523123422,1.1315354339862511e-63,1.89644442649875e-30,2.2223340707234795e-59,1.5482393567966415e-35,0.9867061132136017,0.0035141456471327786,2.9136219501006842e-37,3.361214620632669e-52,6.402713902032656e-16,7.104382755666519e-52,5.255935574635982e-50,1.2259219510519543e-36,1.3393582054995101e-44,0.0037746165887248212,2.659291684285533e-32,2.423640778633639e-20
A[C>T]G,0.9956368985655831,2.496508222422214e-19,9.099073905393873e-10,0.20271047856491892,6.088938805046848e-15,3.2674857490191845e-16,4.275629062624911e-13,4.513160593912057e-07,5.9556138170428834e-09,3.946214785552492e-15,0.13287470160839057,9.326759748010143e-17,1.1066088411938495e-15,6.21168755183656e-19,6.756141469859453e-09,8.29161847534475e-12,2.3797140320707012e-08,0.0030603186991773096,0.00011099747065556058,1.3208043624542097e-08,1.8125129471059328e-11,6.304774462048986e-14
A[C>T]T,2.541111053824205e-13,5.51879999458469e-18,1.9785997315648587e-25,5.748579291865173e-13,2.150981867779883e-32,0.002839086079316214,4.5859355769425396e-26,0.006564157809042849,2.3917208219975598e-20,0.00011139658640919592,1.0762529794312401e-34,0.0167752386921367,4.3780447993615507e-23,0.06585143472107804,1.2950327756005777e-09,1.6558852606155645e-17,0.11377088640269296,7.47045831506695e-25,1.5799648654177754e-21,0.09736207187395472,0.17512092219741812,1.909365431903469e-25
A[T>A]A,3.7517658149374573e-31,3.9959462713284475e-78,1.7248922210095732e-74,1.3305718618579972e-42,5.1632886965862204e-45,0.008917596879283863,7.033877705391583e-73,0.021880640702889784,5.0842187430218616e-67,1.721849020024396e-39,1.1562398633685263e-25,2.424862168755363e-34,8.91042453129042e-30,1.726421968570249e-45,1.644289634591532e-48,7.684416007615168e-63,2.0539334550701964e-33,3.163456421877393e-29,5.604211290660193e-50,0.11602799609582193,9.347327491143197e-10,1.4737774110924453e-25
A[T>A]C,1.3675618485613415e-34,2.2397702875351072e-39,2.0064238675479408e-34,0.06115408271098621,2.0022950253466816e-25,0.00012802329534829815,3.555260844846509e-19,4.162172255551744e-28,2.5037408807969825e-56,2.022811833208631e-34,5.185795032360237e-39,0.013836927887034308,3.0748768804298527e-22,5.828763582815629e-23,1.9630499521266025e-09,2.2179228071968693e-35,0.018607267496087973,0.05131601374368797,8.135363933894956e-36,0.03237329090729375,1.2396378709778677e-40,8.954932307758289e-09
A[T>A]G,1.3550447770935472e-52,3.983547574198391e-09,4.662367528493787e-43,0.08704293970160844,1.0091706740672101e-25,0.03104568474548112,3.0463272814519954e-26,2.367391800536403e-36,4.945372608838443e-25,5.1032684296065796e-30,6.853556247903105e-37,1.2332463420820855e-34,2.6473260497053215e-13,0.2393199831822267,7.04150064675079e-25,5.753495038249777e-39,1.6195525339221301e-21,0.0002754307992841196,4.490103090401887e-30,2.471173472558793e-09,3.112069175551518e-28,4.1027613703047744e-42
A[T>A]T,2.541876484337183e-12,5.467004049085253e-55,5.126385761814177e-38,0.15148727689964087,2.7938383270119696e-11,6.663449046929118e-09,2.3817149515988224e-32,0.019914584984424506,1.1511972069459846e-37,1.8548947156748303e-25,1.0940906675049964e-29,1.4914768442976271e-24,1.769255449744381e-11,1.3991566174810614e-08,2.8946543575850355e-37,3.2822798896923767e-25,6.128452196301056e-07,1.081664409874289e-52,1.6100649992541235e-37,0.03693579522935682,0.001530034361432958,8.518340434556434e-10
A[T>C]A,4.883239388367911e-21,3.884539190508616e-40,7.147322121801431e-44,0.15532698033291925,6.734020440867516e-19,0.021914519534291688,1.4268286869073873e-33,5.786347174129712e-28,9.37311008014877e-26,1.0511213802101496e-26,0.07045736319997882,2.827384628696556e-38,5.2674287268752274e-05,0.09528610888383077,4.6672114822816903e-20,2.2035441447301437e-13,1.3960439377869061e-18,3.692755593180686e-27,1.9543929445846432e-40,0.23107925406685886,4.718014359604361e-15,8.072179973291396e-21
A[T>C]C,4.7491722586226444e-24,1.230906998364347e-38,3.56041974517991e-41,0.0494649027958241,0.025931451660702598,9.680948344552906e-17,0.0765727191394289,2.3305530763233905e-16,3.3506611602684136e-55,1.7987075937336227e-58,7.778850059932608e-32,3.445965680522776e-14,0.041131090711050686,3.4019741784605173e-34,4.252205184592182e-44,9.367710101544169e-10,0.0005143165899369067,0.05606031943411424,8.872610740586611e-38,7.829619272490932e-16,0.0498186629292693,3.700519075012379e-15
A[T>C]G,5.139585141515327e-24,0.0007293503828133697,2.1634786350723832e-44,8.651640813300739e-15,1.3351744495047324e-47,0.04258197347096614,1.0410057334836965e-31,2.1190912685722524e-22,1.4119488233720524e-33,2.3541997855119457e-13,1.6177135178533328e-51,8.423856438336345e-45,6.00744963541837e-13,0.02271345310628613,2.5373333883930574e-29,0.035654832719396325,4.307137172690408e-18,8.184615211862645e-13,2.739942891902563e-39,0.28683665349945686,2.3050623758998243e-14,0.05405654954624086
A[T>C]T,2.1192742959685853e-55,2.0077727831109874e-41,1.7059873523987797e-83,3.37285712242353e-38,5.005330947412149e-72,4.6953177208617e-36,6.096853781383287e-76,3.939703700687998e-59,2.2598744125676797e-55,8.491073585789115e-68,7.197520610947108e-63,3.4628040837363753e-69,1.390582707690449e-64,0.7091730698390413,1.5113781601544512e-50,2.978724298962242e-63,1.4904278480664086e-51,3.1722159670816775e-39,3.6709078251994237e-54,1.184861847578061e-54,6.869684257928774e-58,4.205245996215221e-55
A[T>G]A,1.6675286767462196e-52,1.4241249356205414e-44,2.6883656260346167e-61,2.980011921531629e-24,1.1776012225502218e-49,3.055457692014084e-11,6.231984377802307e-54,7.573977844288831e-23,3.2566655752406267e-69,6.02180378287601e-48,2.0842356883239654e-58,3.287142799093584e-52,1.8822023909415325e-51,7.901593567624977e-67,0.05610382524837473,1.477751461810487e-09,0.016052192003108673,0.016642360560263882,1.0234726513563385e-21,0.014060061846920442,2.8089326482086746e-49,1.1412579390411258e-32
A[T>G]C,1.5164204811315283e-36,3.466141271126656e-41,7.798358321475303e-56,0.039362890407034355,0.0007214825118089342,5.66465526710268e-16,3.5541432431030326e-49,7.329563390893945e-42,7.2642266645666e-54,0.0461739015668182,1.0248786586456543e-36,5.136032773961196e-87,0.0018500300725032594,1.4453282124984845e-43,1.7842334973378012e-22,1.8030561794716825e-58,1.9275181667815245e-41,4.740184809568825e-51,8.337238388904192e-56,4.04726983533914e-12,2.448716789156668e-26,1.2240456924495598e-79
A[T>G]G,1.5961969837878144e-09,4.407770705035547e-63,6.6059121275782434e-49,0.16125129505106034,3.3722730830925917e-49,1.643684089597262e-13,4.889921031684352e-66,4.249387466739602e-61,2.064424235842685e-68,3.2645831716564444e-24,1.0592705033488733e-32,8.221706027528883e-32,2.0813177983258716e-52,3.1453678964295395e-49,2.3745278674991177e-08,1.1923802013455253e-54,4.0192605642612805e-21,0.0044286952103964865,1.946623627021912e-42,1.3047425543491887e-17,8.32507757544487e-60,4.302896675700728e-57
A[T>G]T,9.25724998236574e-17,4.826076285546654e-40,8.63597900443805e-25,5.0235378942656015e-29,1.1389277358214582e-39,4.776175239796088e-53,0.018420993027873485,0.0074844405672306515,2.1655824213773335e-43,1.2303284283459729e-21,1.3919189586633067e-44,1.823777863306725e-32,2.695286597970514e-26,4.419724046397773e-23,5.068693104146417e-28,0.011191888159235804,0.01875767599902649,0.0016154889670385569,4.322219109832392e-08,0.0221793516146634,6.5955856203402364e-18,2.1830962374032356e-22
C[C>A]A,3.466712876598715e-08,0.0003056972950933259,1.0976687830000085e-08,3.9539544310403144e-17,0.06603289431101424,0.19676289750074658,8.84250013191042e-31,4.494606990940214e-18,7.168869631254248e-16,1.4429080594485426e-15,6.3409336659056025e-18,3.0238513507154177e-13,0.022401728013163955,3.5697095334544856e-31,0.0006057041908854547,2.821051845580408e-14,8.734655589291751e-05,2.702010964004911e-15,3.762501083857977e-12,0.11391924141770969,5.7250190701674845e-12,0.08031432041948613
C[C>A]C,0.024864618797694183,3.320574065140233e-12,4.263618304811911e-37,7.870180024771858e-18,1.7723981616370694e-31,0.3380294311648264,1.4475143777147804e-27,4.144783706782501e-09,1.3167184409693395e-09,8.566790941981133e-43,1.7256834484466108e-22,4.775273864826236e-36,9.32288671876511e-31,4.843598366562762e-33,1.2712398783736478e-27,8.807086409895094e-13,5.647323883684704e-34,3.4273964813969414e-35,9.922409316296022e-35,2.3282424341590555e-16,2.3153009128469942e-34,5.308775255727793e-43
C[C>A]G,2.5823028947668944e-21,9.777832170626443e-17,2.0197054187088462e-34,2.974604568232307e-35,1.9394475347440873e-35,0.29751220945323653,1.3181152964271243e-38,1.2075925050456421e-42,1.3305250193022848e-45,2.8660457013040323e-40,3.3779647404391526e-63,8.983279884422631e-47,2.1226605867149597e-35,1.5123843422101272e-39,0.031278538815766574,1.478145439592809e-21,0.00010071301131121308,1.5696858900673378e-27,6.3069497107165055e-25,7.503562377921796e-35,0.02385624778427384,1.216911183708368e-28
C[C>A]T,1.461422336647357e-05,9.390047702178328e-14,3.473753608499856e-39,7.347423224474766e-32,1.0263117511799981e-33,0.27541657423777877,4.0943186900134014e-34,1.5042190551535504e-23,5.627565838699455e-31,9.243093028393971e-35,6.6688756570284666e-52,9.197816364616149e-42,1.4129453255670207e-32,1.2339310796400912e-35,0.0269465338448854,1.315459808012023e-30,1.0280791309591801e-22,0.007329909957464776,2.1263015408023972e-39,1.9495305082375098e-26,1.3070413527467781e-33,8.72801083233727e-36
C[C>G]A,3.08711633934208e-41,0.0361284067576886,1.9781570287808254e-26,2.76209970438346e-22,2.089683571366061e-46,0.03563507010718243,2.418344708177457e-47,0.04500239471237612,1.7715698764820267e-24,3.262341562340223e-39,2.9264276870104494e-24,6.319133657946355e-35,0.018935191727000148,8.122727198053002e-09,0.05053121447349254,2.7297949404522842e-47,1.4270541338893717e-21,6.876168016499113e-55,9.717174362760892e-38,1.1457782532048726e-23,1.3499897325239519e-52,3.69710067365586e-49
C[C>G]C,7.640185710632407e-27,1.3755489412231416e-35,1.4063101769602925e-63,2.3059781141376627e-08,3.3104623991264405e-37,0.0918629850208626,2.6898760050067303e-78,0.02462951842710558,1.4692827096894554e-15,3.095727655251325e-88,1.5282751509506133e-19,2.6780767358239215e-06,3.2406664685476213e-46,9.3725677330509e-57,1.1578956991296233e-20,4.550538635400327e-30,3.256992864895631e-24,7.928648517496213e-52,4.2835629476612384e-16,0.027061832816423197,1.538266321198102e-06,2.970735009843571e-44
C[C>G]G,7.634607471552416e-22,0.0007050141265724248,2.0670933043622263e-35,8.184874475552019e-08,2.6056375682957582e-25,0.03779552506045698,1.4935903801359714e-49,7.321297297183465e-16,4.705574500334484e-45,6.072581028451792e-24,2.6485329366888624e-38,0.08415956786987329,4.683659747793788e-31,2.9051192600709086e-89,6.255596387120241e-07,6.415698018410247e-33,7.609064305186141e-28,6.347524038499614e-14,1.764187202696439e-16,6.966702303044493e-18,0.08668800979129306,2.9469480774481354e-23
C[C>G]T,1.748404698438373e-22,2.9046622614093522e-15,8.8698268041728e-65,2.3487673042987355e-07,5.914745970426594e-45,0.027106643438507202,6.635608371656711e-36,0.039890208846824655,1.5744139467790002e-26,0.004244347149098522,2.208132158392655e-07,2.741226944735882e-27,2.152462240328867e-11,1.176851304785124e-36,0.00010764605056076309,0.0009020448090962731,0.004485751006950747,0.05890662255583624,1.5578958998659904e-22,9.395555390312815e-11,5.113416278138967e-11,0.04709813806023643
C[C>T]A,1.9207078842428955e-05,1.6041477887030062e-05,4.076157415535858e-32,1.2467281569821099e-09,2.8020461024741087e-19,0.005906504478889989,7.750891192159013e-15,1.6169639629797182e-13,1.6568388037190742,1.7298170700693303e-19,1.3948261647840682e-17,4.351922676877784e-05,0.08731542462113345,3.7404596891709475e-23,3.674688756501685e-07,8.478553743371697e-12,1.8090313332776306e-09,1.767430881621338e-14,1.4127004861902274e-09,1.1338618512088077e-10,2.554115924574923e-09,8.325245585388695e-14
C[C>T]C,7.839953762367445e-11,5.144670895563384e-07,1.0330288443328044e-19,5.334537570617276e-17,0.010101493881779014,0.04929945387784827,1.6635302420849698,0.002298578968026128,2.086854700128051e-10,1.7094362420852592e-05,1.2739636668612182e-07,5.859015787447066e-26,3.1305698262209143e-09,1.01208461189729e-11,5.194417151923355e-07,4.103124109542474e-14,7.984746119322355e-07,6.168190384620779e-13,3.195269586426725e-20,8.756805865941068e-14,1.0021139738732065e-12,0.003977224744088827
C[C>T]G,0.3615931456124683,5.946903009828769e-10,1.937038614297101,1.2310457552063382e-14,2.0902598700808535e-05,1.8005496651499494e-06,1.0017494153244815e-06,2.228410613628092e-10,0.05403727361599621,0.007139687532111834,1.6822887878863482e-13,9.728034161865422e-08,4.779841704135736e-07,1.9992834107645948e-11,0.0005523746665008977,4.549762822867398e-08,0.12031576971152791,1.4907840089633153e-11,3.4317727280778833e-09,3.0610564098644355e-09,1.4879220883654605e-08,7.730039619549305e-09
C[C>T]T,0.27859329567833613,9.287281689703476e-10,1.5168647744920404e-29,0.13152877522772954,6.235694332866209e-23,3.1614758854605296e-21,0.0008855526654297669,0.00032391199107184094,1.6755403617652113e-12,7.100074943413695e-08,5.255128462539595e-30,1.483674427551331,8.736499044285014e-13,2.031927368782139e-20,2.0272188576940117e-15,1.0571815928760151e-08,2.2307644292413328e-11,1.4324172253789463e-08,9.40761547662011e-14,1.8402401006523766e-20,9.562559023565393e-21,5.700184756800329e-20
C[T>A]A,1.4468283966118447e-45,7.540342500574032e-31,6.006946120933508e-17,2.4507123697835725e-07,3.84745196694558e-38,0.0298977852445464,2.6324730766355577e-33,9.9545296544334e-20,1.4111403747039648e-49,4.612842685144485e-50,3.3731323779224927e-82,8.285587561409394e-70,1.236465947681296e-13,4.2149480573278073e-48,3.145246235223354e-70,0.04415710461706693,2.70719892044926e-14,2.9656154568218454e-58,1.8694382932587e-41,0.06278542909396412,3.056934990845961e-56,7.69775498008737e-65
C[T>A]C,7.285063682574526e-24,3.511981552258537e-43,5.554626402776053e-53,0.035780994723203244,7.013541708155467e-36,0.0001030927482759736,2.6394308636521898e-46,3.768456441773835e-23,1.6223018606769522e-40,3.3778658017000055e-27,1.4895965598384962e-45,5.295992457265773e-42,2.058169538003397e-45,1.5746868038285334e-21,6.617970819926626e-36,1.1259128348980844e-16,0.03895505144809535,6.400967450021222e-22,3.4017584693042034e-20,0.0475553853053311,5.384704203637943e-21,0.14993993344495343
C[T>A]G,1.2585431939540294e-34,3.323175950752335e-24,4.267543493026059e-49,0.10902071782665634,7.396366202315048e-55,0.15255748398477087,1.8829117855492946e-32,6.4747690754317885e-21,1.5903416815716081e-40,2.2075409763867898e-26,7.992580709840356e-20,1.2075125833754622e-54,5.21306114007926e-29,1.3530292404761004e-19,1.40886832695308e-26,1.0458296518142384e-43,5.191016212621453e-23,1.2310272184390192e-28,3.483315325320622e-43,0.09597863136010067,0.027549033634194944,0.005631627292623544
C[T>A]T,4.113862739060397e-33,4.720221660375795e-12,3.6084756019386093e-39,5.551370214075113e-17,3.0614567880240703e-21,0.032968505740642966,1.5928947543135922e-41,1.5024170141753728e-30,6.724894808856537e-24,7.395573850561538e-16,9.708803245297131e-24,1.0468991359127342e-08,2.5235901568874e-21,0.01350785559922795,0.03266311985213091,2.6238016516975454e-38,0.005923718598578785,1.119276281121997e-19,1.7668522488530592e-25,0.10542951924128505,0.04604065589295556,1.261496770200708e-20
C[T>C]A,3.130584484582935e-25,1.898737215540763e-39,1.985422035098179e-49,0.029232376540569874,3.830860629717712e-38,1.0561005299183642e-06,4.2952159767353745e-51,6.096733438054575e-47,7.21497930742765e-43,7.821498724542213e-59,3.9514569028699556e-60,1.7203306190422326e-14,8.287444938184919e-40,9.685701931045177e-37,6.561873673551004e-47,0.02337851128843601,2.843814575084461e-14,0.15289921083004404,1.047874687036386e-30,1.1531217813723344e-17,7.636459679279143e-14,1.299548161370738e-17
C[T>C]C,4.270687482934765e-15,1.5608516797567791e-30,2.505476539761118e-63,6.172805232955297e-24,4.506995948495153e-43,9.253832696105903e-28,4.4849693232503933e-23,4.394094823394803e-12,9.243107606670435e-31,1.6992351824897502e-25,1.8241974912406605e-45,1.0852739557835329e-39,2.4137422510150835e-20,7.549317601864378e-45,1.4908350559202088e-38,1.137054775055549e-12,3.308446753743301e-36,0.23682471556919046,3.4703484046049654e-39,0.07439972580343769,6.799446201139182e-11,3.4819485061854447e-50
C[T>C]G,4.0083300668435124e-19,1.8407510706537087e-18,0.18497465175913624,3.874841310300061e-25,4.1725343400959884e-20,0.07632353890657308,3.61102599187437e-32,1.1812837501845236e-18,4.555837485219303e-13,1.372031179584068e-16,1.6016023489729228e-52,1.7260029428042258e-32,4.4377475974726816e-29,2.177550375477087e-31,1.1535933878738477e-24,1.060388662440011e-24,1.0625263983419316e-07,0.02340762526390043,2.6454061991762455e-31,0.030511482957824358,1.6347273077626354e-33,0.03173995175245843
C[T>C]T,4.7775765202421365e-35,7.811429062760394e-35,1.9890361999914376e-36,9.502981825551825e-15,6.889265276469431e-45,0.004777346285147282,6.2215457115042366e-43,0.07618410864360053,8.67700077885499e-36,4.0858633472129345e-30,4.898607348450841e-40,1.3841881823341817e-41,8.732851642336382e-44,0.22008486378398073,1.9382987171976281e-26,4.455064311170475e-16,4.888179367743742e-07,1.6353682203522186e-16,6.116941181863073e-14,8.535766543426286e-20,0.1733490125117142,1.1317326501152993e-34
C[T>G]A,1.3710992584046253e-62,5.437135650159227e-42,5.907018476156907e-63,7.576948805108937e-57,3.59870765201725e-86,4.3800549531801996e-30,2.4391526029547486e-67,4.778251524554152e-23,5.786509140668034e-66,3.1129627753334593e-66,2.6680949646124287e-74,3.8985497938561155e-45,8.530902949975452e-51,1.0480622062917327e-40,3.789423481076421e-44,7.737724425247168e-58,1.514616488241853e-49,0.0819990548377556,2.1213569579464652e-57,2.1199969494826355e-10,2.1155353607153383e-54,2.9482446926858484e-90
C[T>G]C,1.4036961740737671e-30,4.116359240353758e-22,9.465602327825504e-41,0.015250738777759192,1.2374285814941084e-53,0.006563787380521705,3.4041070940441126e-77,5.019330327418355e-22,1.0002587364623823e-35,2.2807788522021732e-51,1.2921332351298103e-34,3.674908098976365e-50,1.2228168747369403e-55,1.561932265889175e-35,0.01649428922886543,8.869164316994208e-28,0.05440674750389748,1.5898827669452044e-42,1.782294095801273e-17,1.8704605034351614e-24,2.749895973488261e-42,1.1243510557938615e-18
C[T>G]G,7.713114039676398e-37,3.1728013565376543e-18,1.1739305923956902e-39,6.271650056130727e-25,0.003843931773461254,0.0021718948013309497,0.028840709680310363,7.738384874558196e-46,4.584538815441173e-13,3.4680099057940344e-61,4.183896982783019e-51,0.051204340586878345,2.466898146734974e-07,5.727771680335897e-43,1.1283882843826318e-12,1.959479218490071e-52,5.803962540338214e-25,4.2984615901395195e-07,1.6771807344797023e-31,3.8680848460031915e-43,0.09315065807168409,2.0730287269310324e-31
C[T>G]T,6.301888568867985e-32,1.5369529687381667e-48,2.1352312951313814e-62,8.60394482603519e-61,1.4976987586843434e-23,2.4505705495189995e-17,3.1420862715498163e-46,0.012216571208194898,8.559141974935732e-34,1.3668884207062219e-49,0.08917168561575145,8.139341850098827e-11,3.0081711705723426e-37,2.6320182650301714e-62,0.006386452263673622,1.1396766548616887e-39,1.7516169013526306e-35,4.215747572357943e-42,1.0639544810381714e-26,3.6498620396271886e-11,0.010203239998799648,0.03099568333067709
G[C>A]A,0.1680626483365093,0.021591257087915955,3.661197155281039e-48,1.0598493919388377e-10,1.6947193134623802e-10,0.117781345958441,3.2718587884158285e-12,3.425637118925728e-15,2.4516269466796207e-26,0.03121517972507976,3.001903073190066e-24,1.8512642210595388e-18,1.302005104398476e-16,8.627628917054879e-36,2.6288368125269245e-11,7.337441913116385e-13,1.5000485708495782e-15,2.0144937707200928e-24,1.7276630338780847e-31,1.2283395083262042e-25,0.28356500322176376,1.839273151410148e-15
G[C>A]C,1.283945116410728e-43,2.2099449044910254e-41,6.964099511604993e-58,1.2579085505848623e-26,1.0540523515739838e-46,7.100626319175758e-05,1.0196672409541369e-51,8.411075191914612e-52,5.573401061855453e-41,2.738759228026396e-45,7.584721252725629e-36,8.20394306173724e-57,7.221895807008424e-53,2.986836683072532e-26,8.743572107466083e-48,1.0999860124204876e-36,4.376776201108382e-43,1.743493022223648e-44,3.1237932598218874e-09,7.244102405154399e-30,0.47362202623905486,3.241163541773091e-26
G[C>A]G,1.1828463993893705e-26,1.1984245933274629e-26,1.686886247396267e-52,0.047569851211628135,1.4511548673495489e-31,0.23606514676450965,2.1818453078113882e-54,0.0061668317455834485,7.81520323162424e-39,3.60847284305101e-19,3.393304170542124e-30,0.052199176873937575,3.814576678693675e-24,2.2204266672923417e-12,6.064359689127143e-16,8.186148509050521e-08,5.495540364317423e-19,0.08051966389837936,1.7387540202005189e-19,2.042632955804725e-21,4.031988087880891e-27,2.810366837102997e-25
G[C>A]T,6.397715930376689e-28,5.350538848006161e-31,1.20551899122483e-43,0.019760425374151784,1.401727158354231e-25,0.11281636645952076,5.564267891490891e-28,1.8685614802359068e-17,6.334885312484992e-10,5.694584259480174e-28,0.054217009993861094,1.0139228022452128e-09,0.022817696237840007,0.007895480984273883,4.5436563665022706e-14,0.14112372632023562,2.095079592765239e-12,1.291780101163295e-31,3.3388688795834663e-18,0.047909512549583866,5.84918857091055e-28,5.821642903981872e-26
G[C>G]A,3.320293598448974e-46,0.08783416335419833,1.3601663314024297e-38,5.688377504873187e-22,4.458646877966483e-27,0.004597701751410639,6.941233229088708e-38,2.2503732040504953e-05,2.1871000053694786e-20,0.06920175060953287,2.6611403671689564e-43,1.0671555698365002e-13,1.79900704901158e-24,2.8209692161240683e-19,8.713332927854431e-26,6.045687784340042e-14,4.840236653233879e-32,3.9210452684913015e-33,8.787404848688425e-27,3.262366758838629e-05,7.703647558310148e-38,0.13198870110948213
G[C>G]C,2.2625734331491845e-69,5.7389225329913584e-36,1.9584293445028485e-70,0.1926369884457071,4.471592210104602e-60,0.002621412091474042,3.220587632055441e-63,7.406910584471074e-54,2.8393141233160874e-45,8.214730520676708e-51,1.5629429627578988e-60,5.3204509603520376e-58,0.010320401896544281,1.378784926108642e-52,1.54068486326182e-64,5.74147126824161e-35,3.1819891105384545e-36,6.924706341631811e-69,5.939991455554192e-68,2.3673374628410376e-64,6.051899269944373e-76,3.875605150727188e-58
G[C>G]G,1.917684958916569e-65,8.594198929879222e-91,3.6122892684606816e-61,4.689031255321092e-58,1.626600382570507e-35,4.9398983216815136e-12,6.505108901664552e-41,6.433177086860696e-62,5.897482412225312e-40,5.614519096227974e-75,3.1417248792268685e-93,3.714374826859598e-26,1.6990278265720835e-60,1.0697434599103003e-75,2.8312069441419207e-78,2.6069000504873064e-71,3.459447332016244e-62,3.589060073255775e-63,2.541167640207032e-74,1.6636135116915454e-43,1.3887213043734811e-56,0.1940945111486286
G[C>G]T,1.4364369252829771e-47,3.095856057748232e-50,5.226966058664526e-25,5.458677717179631e-20,1.0165227337913023e-16,0.022830343746220786,2.9852856488136915e-35,2.421761011698871e-32,1.5296551780541585e-29,0.10220558998140203,2.9221014280997747e-38,4.7909149641636746e-48,7.130443243129462e-22,8.294795163953924e-29,4.489611055476001e-32,0.00669205291789056,1.0370311132445456e-11,9.447516928032459e-32,4.084367146754758e-55,0.05574629399812707,3.0019054038121264e-28,2.9923663509909734e-15
G[C>T]A,0.00024764363255927566,1.1795407626967086e-05,4.0128603797604305e-33,2.5338918269773417e-17,1.3126279303176096e-17,0.03136784399829305,3.066140512966296e-21,6.5567198073346466e-21,3.4685653373762456e-14,2.314570986596987e-18,2.114102164622837e-35,7.543676302401372e-31,0.9327204212832876,5.244917254876302e-34,9.42854753785973e-16,0.0003762069234879496,0.1285234681850393,1.1558419329702197e-16,0.006824923010283538,5.758248124864096e-16,1.8004510581794817e-17,6.081692554649442e-14
G[C>T]C,1.3421049548186008e-34,3.230975565336111e-34,2.517858419429043e-53,1.5178470983627015e-31,8.64589948761985e-49,5.914019593332981e-20,2.7844706165592583e-59,7.644618614069053e-29,3.223413885311871e-44,3.698079530078691e-40,8.350771237449083e-44,1.9163062295811082e-41,1.374324649860243e-19,2.80143241171885e-57,2.626257632387085e-43,2.471469651095767e-42,0.786165509597315,4.0119348167305745e-40,1.0812734713711251e-38,8.613309221042185e-37,2.656268370865906e-18,9.591881150441268e-44
G[C>T]G,0.030286969903833894,1.360684180891767e-10,2.927609239132979e-27,2.2256911529242758e-10,1.7018818139945149,3.029496889889633e-06,5.170452057661948e-20,4.507530689713389e-11,3.735519685830607e-11,1.9725854077905843e-19,5.137977327750421e-23,4.267673557765716e-16,7.620149314986552e-15,2.1679753004245315e-18,1.0954312318762497e-06,2.454524758330952e-13,6.007232458432172e-17,2.1012500962023784e-22,1.2256974187977752e-14,1.2461426951009934e-11,9.843873584706901e-18,4.380964049833966e-16
G[C>T]T,5.648043554064096e-18,1.1271996259268283e-12,1.3716475503305807e-27,5.8345155659929635e-18,2.7011162114802814e-26,0.029623806159608364,1.5386734082480797e-29,9.445456763103383e-28,2.8141745845660418e-21,5.627435914713719e-14,6.091908495721199e-34,0.3159479002832175,1.1587060665733613e-13,6.689604666251844e-17,6.096413706889817e-08,6.274302617582066e-07,4.165509248426677e-10,1.6327962857085723e-08,1.8639245601794664e-25,0.34658366983589023,4.220913610637272e-30,2.743580799410355e-10
G[T>A]A,1.2766488567839428e-44,3.5382999958513996e-24,3.8248412445295793e-81,0.08010377055535593,3.2036912260973254e-63,0.01314238649386072,2.8843211067181513e-71,8.123354262423144e-27,0.015766864885205217,7.21027976867161e-27,9.376705309904423e-54,3.515490813569873e-75,1.7875186705648975e-22,3.0233269528113403e-16,7.750584518369171e-37,5.258624513801302e-26,0.04469192113591812,1.234386162024705e-14,2.4863298343668185e-24,7.415350844445708e-13,2.751987022120045e-32,7.408945982767546e-31
G[T>A]C,4.4854963420221465e-49,9.31500010383152e-31,2.6702656218799464e-46,0.021486070701592745,7.110414512494769e-42,0.010584995175373882,8.100894792793204e-14,2.615453575628958e-52,0.049263481646795546,1.8488728773927592e-35,2.54786530326427e-61,3.354827266665979e-56,3.3331837785279136e-49,1.623952988984159e-24,7.591555105879263e-73,3.452984149937167e-28,6.326939350802509e-14,3.913658631253638e-71,0.039023832926981326,0.00015881404736252982,0.019127514889238636,1.1955603321669703e-27
G[T>A]G,3.372405038191146e-51,4.0123466756527425e-37,4.583782132124552e-41,0.015631682961062255,1.280631180849107e-37,0.026005655749626013,2.7010965559005844e-40,4.404608192702101e-23,0.04887398099805839,1.9823294513905107e-36,3.6850954464005646e-19,0.015798506968498,3.006042909351588e-26,1.8180213499138796e-29,3.684117899639412e-10,7.953608877249813e-22,0.05191299509194889,0.0010728714960789021,5.2954160835725076e-39,3.755443390067045e-08,0.03441649588979115,3.1350719209107544e-19
G[T>A]T,9.342931772705322e-32,1.1347954473194584e-31,2.9635001829508583e-40,7.133958292809552e-10,1.5087822915677808e-26,0.013900703513035401,0.03173892967022309,1.5765332138238048e-21,4.064979100524924e-28,1.6688555891552818e-54,4.86924298484359e-22,6.065994724473127e-33,0.024393460994159375,0.06183051535818195,2.6548456493452064e-36,2.8338095294358836e-36,1.9235128467585493e-36,5.75754566824072e-14,4.930200472037706e-31,0.05465773874610745,0.004591040441891018,5.0641057429018784e-39
G[T>C]A,0.010587006390463663,1.0462208546024746e-39,6.927259399962193e-28,4.492211454052008e-34,9.423950313072583e-31,1.14156687425249e-22,3.1476749497718993e-22,2.3266367994115127e-17,3.2144804318931756e-12,8.038562786455858e-07,3.3189380336026013e-19,3.47615023196959e-21,1.45222315370619e-33,1.5552742396763101e-22,3.583511190395868e-27,0.14321537845995935,4.941768608183679e-07,3.936410215053027e-29,3.952368987912744e-27,2.591378641717411e-16,1.4731671028013487e-06,0.12921069775377406
G[T>C]C,5.3171612884517195e-42,1.5180225704613728e-18,1.9072532340739491e-78,9.158055713243181e-27,1.932550049524029e-28,1.0663517357357154e-39,1.585580743606661e-32,1.511006712117997e-28,1.856449135612284e-36,1.165561211956541e-44,1.5295057309790227e-37,4.2096441799302625e-32,2.0041031742297754e-53,3.266298397567693e-83,5.435394296730361e-33,2.2299121850769252e-32,3.739969646364373e-46,1.7660569811803678e-41,4.259594404031777e-45,0.28899617425971846,6.114313110123536e-35,7.922218413847594e-49
G[T>C]G,1.0113989277931106e-06,1.9071413378644016e-32,2.1264907075398333e-23,4.305500413410885e-30,2.891930253526502e-43,2.7524119639229934e-08,1.6929852313600772e-18,1.2915088769033061e-54,3.088335181685181e-24,3.6856495067197156e-48,3.0165162417332735e-28,5.977419841179897e-43,3.536414163508374e-42,6.052943842389445e-47,2.1208853895276863e-36,6.040054544856888e-25,2.6031014187809495e-27,0.2647399304462388,5.8858568954477705e-46,2.2090976863776663e-15,0.01258443426900273,2.9350424096979948e-21
G[T>C]T,7.401799667360211e-20,1.6193368905379647e-11,3.9717512341617e-36,7.927852568350769e-07,3.489924562568533e-22,0.006600444391019358,0.05025717005301163,2.0745560108640314e-16,1.1897500895421288e-36,3.5841223828065926e-23,5.5884382923624806e-27,5.86353334169491e-22,1.2806755579288632e-38,0.000197345365638502,0.07490227458146537,7.722412991775754e-36,4.996574155711552e-17,3.910944458535938e-19,1.6895987394504364e-26,0.12358804508486032,5.0410582806357625e-14,5.14595094914644e-34
G[T>G]A,4.516537358567432e-43,1.0644460940630043e-69,2.494656705725828e-28,2.588512343316992e-83,5.287225266718758e-22,5.614241967773159e-52,1.5339714409491528e-69,1.5433444208249722e-34,2.581416551363596e-63,1.0283106805760289e-47,3.034338567159667e-28,0.005090472601393652,7.054879932116286e-49,9.954851784510348e-102,7.273182442906618e-76,1.2020607085167157e-22,1.51023543691911e-34,1.0089686394184758e-56,0.05549257343853161,0.006934976209140727,0.009613355468469037,0.01185472628608514
G[T>G]C,5.779072640749458e-16,0.0013642145059033874,5.5959164072907494e-62,1.4545993731581743e-42,1.7577206546870543e-15,1.0361359371162021e-23,2.145361850851414e-36,1.0524650502956844e-39,1.5427661473752302e-33,1.2948952390755042e-32,5.071005752014314e-50,0.028859028480035617,4.0398676903542325e-14,0.010952760350515818,8.094984802461836e-87,9.325477778359921e-74,9.895056770795516e-23,0.0014108755286082048,4.243930975022894e-23,1.1834100863502342e-36,2.1822373725110862e-46,0.014695538031119152
G[T>G]G,6.244941615108775e-23,1.1433026445208094e-23,0.019685619145960214,2.6797138150133078e-12,1.1872427773380256e-27,1.974564701486781e-15,2.244652605512223e-46,1.829008200972672e-70,3.4702902427696097e-25,3.740400579963314e-21,1.3380594642396323e-49,1.471735230942994e-26,1.0450241105374744e-17,1.494138909920308e-21,7.394496930396975e-24,7.341926708657564e-40,1.841402837311394e-20,0.015719613720422108,3.268760544140191e-10,2.9734470867374472e-46,0.03745066580598473,1.9604359042190988e-16
G[T>G]T,2.584056787834431e-65,1.0805762361006134e-69,1.1189176935151256e-71,1.3447437044194159e-39,1.7088584063155295e-60,6.377110499751069e-31,5.533780833518851e-78,1.6701282007899998e-50,5.547757725264735e-69,2.0321916523040726e-75,4.457201294308909e-47,1.3957194832134089e-25,9.447363257695397e-76,5.005286326335362e-49,1.4373229377266478e-62,0.052907815370410616,1.9350967852900495e-53,1.0742971856070302e-21,0.008929215810797784,1.3674092553868207e-27,7.067961312388099e-38,7.533162732492073e-73
T[C>A]A,0.041022577063557296,0.039805182141590276,1.58291981597444e-36,1.0915329522888149e-06,3.085141625055363e-19,0.10922187304202158,1.0466724951848704e-18,0.1194487451208165,0.06645904395487874,0.022454135528287185,4.005262392986819e-13,1.97059138059144e-45,1.0199765552429581e-21,1.5600656504963442e-32,2.791788187880171e-19,9.192803215626854e-13,1.1782492943191618e-31,0.12340088155178518,1.543564876204115e-25,0.1286897255218168,1.2169200446463144e-11,1.7029753903793465e-21
T[C>A]C,5.931082284958222e-16,1.2225834705790033e-21,1.0306030654674021e-45,1.0056120705688669e-31,1.4485303330925769e-39,0.0019735222364467607,6.535936627156355e-47,9.464971199832627e-31,2.958628421630098e-20,9.681491697712446e-41,1.288324142541345e-51,1.0294733236252444e-22,2.4946706392469557e-44,7.62801143341614e-46,0.1763186387236467,6.138574140248985e-40,2.479280803273794e-35,0.031964568911646264,0.7166864706060919,4.906796663647166e-31,7.102389127208427e-22,1.7047962458409906e-27
T[C>A]G,3.9421241166979584e-13,4.715024005307679e-07,1.4124654301512206e-33,6.985817703341031e-06,6.935526130329463e-17,0.19371709564098633,1.0124661524001138e-27,3.266827759169031e-15,6.658299960979911e-13,1.195085271466264e-16,9.062797307924525e-15,0.05933554986051996,8.874231310175441e-23,8.057868850702638e-35,0.16681832571565855,0.0051658556911880205,0.031900602544744236,9.512468521603534e-12,0.02445552377128806,2.7278110449222587e-29,4.625283171254134e-12,7.438898740206786e-10
T[C>A]T,0.01124299814187343,1.6582431833933622e-10,6.0868700112016314e-21,0.05089390509514167,5.586755705921119e-23,0.1699380165948086,2.713194891218747e-21,0.018856025754870814,4.083366758998851e-24,0.14076046490484867,1.2729116181874227e-27,0.06188846597101554,0.00958786364879336,5.4263631163847625e-14,8.761787516593185e-18,0.043470487877675386,5.384584449712462e-17,0.00010658098228343149,0.08900614133657905,2.11510499341064e-18,3.930456844135182e-16,6.72489153904877e-09
T[C>G]A,1.3664787282862713e-30,0.4482861668155247,8.463822894672966e-46,2.9662482778992656e-21,6.666868329164328e-36,1.0121363246238204e-18,1.9691764302519138e-40,0.7773186621722897,2.6116641148336054e-32,4.529993867253444e-28,4.983941325329855e-38,5.66644006514761e-44,1.2113799614834666e-32,3.5463002160935846e-47,1.2277747218355369e-21,2.4723016998725777e-21,5.273929876997825e-28,5.495397689210187e-38,2.118539638282736e-33,2.3521734924142164e-30,2.0024015832281705e-21,1.1554095057552589e-28
T[C>G]C,3.926641622724888e-09,0.06543990689834453,7.34794686178112e-43,2.960038501401734e-49,4.4892794718366555e-42,0.040345724407580406,3.115094543772993e-53,0.13138559457079774,0.03239721506665207,4.0304873602146156e-39,5.435077692753161e-44,2.690261433437064e-09,2.504568821163515e-18,5.023725581921144e-39,0.09796244069123373,4.798398420954258e-19,8.552571643036967e-30,6.647589456022294e-06,8.128950805590188e-24,1.0473803673562255e-31,1.6674571117746445e-41,4.683167059626303e-21
T[C>G]G,6.395698417759864e-13,0.026264255300713732,5.440886599854476e-40,1.2926625990379404e-22,2.508128404515612e-54,0.04649361943385234,4.9031234661985206e-58,0.09945733612086191,9.214579249496562e-27,6.706887144057802e-34,4.452848688805531e-30,4.854032244807545e-17,4.03297662716002e-26,1.1390024125033603e-20,1.770914371717231e-33,7.748369645733939e-21,0.0036791127956074298,0.038722310628279646,1.547268099734281e-25,1.5077055939793361e-09,1.0009666586052217e-07,1.0196288022239644e-28
T[C>G]T,1.2579663860477858e-41,0.4376508998505141,0.40191966197035695,0.1611312586575938,1.1648211615293692e-33,8.144066344141928e-13,2.471459080162645e-39,1.77941727913894e-05,2.4294000573714866e-35,1.1141249323699076e-29,6.837911529644773e-28,1.2749279958526077e-45,1.0521526141928052e-29,5.5931321338674535e-31,2.914107703725989e-29,8.779595612515799e-24,1.2261270947464564e-30,1.018914631075544e-37,1.9459508433795184e-21,8.23114026836376e-19,5.2518706237700316e-21,1.3635959766162992e-31
T[C>T]A,0.44792378010188016,1.3587561303800275,2.56097089868559e-25,2.3828254272550884e-18,4.883270434034421e-16,2.2630701112097508e-08,5.448095683005932e-11,4.0928142033991634e-14,6.843124909967304e-14,4.145572415307424e-12,0.00013632422141034351,1.3427558952839992e-05,1.1563754086476011e-11,4.687283966580862e-12,0.00011584008722009924,1.3599276263449785e-11,1.0493431514959177e-07,1.0343082223506656e-09,1.7377598845810965e-17,5.230465969355451e-07,0.0007251006266588133,0.16704942004886825
T[C>T]C,1.1530179786361911e-10,5.363409473892792e-07,1.318705899330612e-39,0.10079349964763745,8.159689271708523e-23,6.2533998076418e-19,6.749874591971627e-35,9.05246722737819e-14,4.817876575190751e-24,0.08433826918606163,3.0905373630436987e-15,2.001735245539421e-22,0.2798136073043355,9.935857983945258e-17,0.923675519895939,6.016873283396241e-25,1.0648500211318165e-21,1.4431675003245206e-14,1.38410103603505e-35,1.4145651345874406e-11,1.093117607316315e-05,3.9659685017069256e-28
T[C>T]G,3.832891400658638e-06,3.219870006308637e-05,1.722505916794072e-26,5.706644085672551e-17,4.086836429361252e-14,0.00020274225499954045,1.5546366606845065e-22,3.943984738568223e-09,0.13290712772053093,1.5605703600834813,1.49880660131283e-21,1.2400243767188941e-17,1.893780335912875e-14,3.151726317717304e-26,2.8108166207954842e-11,3.396661323421637e-08,0.004264845685472361,2.4232574010934306e-11,7.274234817856064e-18,1.7482081880579407e-09,1.3858357683614754e-13,2.8887053731136327e-12
T[C>T]T,7.368486667358564e-13,0.30132968704048974,2.976308530709925e-15,1.527288642812411e-09,0.11805672900976694,0.0002778619895964638,1.8115561282921418e-17,5.106170193111475e-09,2.7844543303125606e-07,5.017797348436257e-07,0.18379542492324466,0.003416055525348558,0.1872892546028923,1.014022519127606e-29,6.879700732671159e-06,1.700064322291304e-19,0.18873708375928025,0.1518138404969679,1.8945358270385201e-25,6.031005401658049e-18,1.350837153767113e-19,1.118693301856704e-11
T[T>A]A,1.9905336870639473e-42,9.544556022073464e-27,9.431073603483585e-53,0.043389943816612875,6.911986558225157e-45,0.0017848667315203722,6.546110385862447e-44,1.0033687744955356e-55,4.7393837777275713e-60,2.772389579449958e-48,1.1140857328414014e-13,2.2455970160934795e-58,1.6656735819371519e-50,3.3059100207165924e-42,4.079601526011348e-61,0.029896892908905327,1.6246690840270308e-14,0.04193910447452348,6.388303299183608e-28,6.438778623855858e-23,5.396826098735651e-11,6.299196082719281e-11
T[T>A]C,0.020010754795813806,4.549122451598009e-49,2.7593350719960077e-53,0.06718109336263985,9.073576791705027e-40,0.0020139934073884415,5.179615011210158e-36,2.5642866929718803e-24,2.9136469552758e-41,6.642312871617146e-53,1.010982025249642e-69,0.0032538945317128944,1.6306554358954713e-62,1.9413697748429843e-47,6.4066717428208294e-52,0.00902280601301516,8.465231065954235e-32,5.52975658371459e-25,2.4578562711424866e-13,3.1532415795015303e-12,3.625493941202292e-28,0.032570313994291195
T[T>A]G,1.0868887300510727e-48,1.4420356497520758e-73,3.503538938423908e-55,6.189792323786172e-50,1.0454175611521508e-46,0.025081697911108626,2.648299106696524e-77,4.8219201882679326e-57,5.298179391962966e-54,1.5693375804941388e-67,1.126639958272347e-54,7.687572525569488e-88,5.896915545051545e-63,5.0020032669645997e-48,3.4509956070217275e-65,1.3016549467438428e-33,8.296148568672951e-34,2.653590795380291e-61,0.09761577352991661,2.241499524427469e-50,7.343525212645558e-32,7.425377648830911e-32
T[T>A]T,9.308125426045571e-25,2.2942543152914815e-35,7.755023266691121e-74,9.007775701540035e-22,3.406883141746054e-48,0.02578976437222,1.688988047838041e-64,9.290216916241675e-34,1.0618190429601244e-51,2.8461517926247335e-37,1.1486758249939573e-47,6.787733221201371e-23,0.013797564817481676,0.07444188234139364,2.1816741491431573e-15,6.0433418813557445e-25,0.002071107988955559,4.65228694241882e-34,5.460059741263334e-53,1.2626382414199413e-10,0.018830413372766135,3.860297473387834e-21
T[T>C]A,1.598268986876489e-22,3.9776082972070964e-45,4.430926594002058e-21,0.03653988180655987,1.6810533220683082e-05,0.005298355492895976,1.2647594961321036e-29,4.923941582951119e-75,1.6185271650482283e-45,2.2647471124107297e-53,4.324016718770076e-49,2.8371080636736995e-63,5.066564870260341e-60,3.071154660398632e-60,6.477469690629105e-15,4.4456484675581966e-36,0.04769706682500387,4.567094189955959e-24,2.994309754236008e-38,4.152939843344099e-14,0.040649254799769496,0.024210574351855616
T[T>C]C,0.05584672021775481,4.385687432426612e-33,3.198403058343222e-42,9.682250931949734e-06,6.149313599263936e-08,0.02267685872726328,2.4209512209473934e-20,0.00108836987692393,0.032813640832786525,1.153454585784901e-22,8.481005082342661e-25,8.391554874914704e-27,8.152114602299025e-09,0.02240083896819166,4.1836673959169345e-26,0.02823107785804002,0.0016964570395245145,1.7281032374104366e-28,1.927903439588499e-22,0.041040368669205,2.2817062795388367e-07,4.984864867968053e-23
T[T>C]G,1.4308780483101054e-27,1.6407207691638962e-43,7.205495053221702e-59,7.876825720756268e-27,6.524858628131158e-27,0.01572656864380825,1.2362060554436764e-37,3.340858005513366e-48,0.021878958752560913,2.7837186708790004e-32,1.6419534385570606e-73,4.298027586395762e-42,3.8441885120047027e-47,0.03529618011024768,0.0015409944570596646,4.0633757312134933e-26,2.5449234392686247e-39,0.08556357382336917,5.7592041609838514e-39,3.09370642346031e-16,3.9078431045775404e-44,1.0675969904808058e-30
T[T>C]T,1.1219656699129823e-43,7.02824398821645e-18,1.8064832324917786e-40,0.12800976102792871,1.9833631788645125e-43,3.4677082645707967e-26,3.3007624313045116e-37,4.982975799422334e-16,4.6568941772319415e-17,2.105034245164173e-23,4.7431781008713956e-39,6.32772614264129e-34,3.475634255250505e-17,2.7187516093103185e-24,1.1523811057453965e-23,2.669126741520784e-09,3.0820997392059218e-30,2.7714983598347448e-42,6.91027976668077e-23,0.025674874820618844,0.25811731382702185,1.9096200058416975e-29
T[T>G]A,1.4269116670036347e-72,1.1969496043773649e-92,2.7889517366091866e-76,5.43300923126116e-78,5.1552940832725585e-95,0.00025175081492386306,5.506726801954536e-71,3.23679024971652e-42,2.5070931008052443e-76,1.458842824822933e-82,3.989316500431551e-44,0.030660744979090444,4.1277549806410445e-108,2.7578174978097287e-53,2.66413551018032e-46,3.717028313310141e-66,1.65060084388278e-76,8.174025209337693e-65,1.3201979766871814e-66,8.680388363513414e-29,0.02735798324381966,2.4136714344501177e-39
T[T>G]C,8.585991455942869e-67,1.679884715352145e-28,2.2080556613683312e-60,1.4550123213438845e-67,3.338892837553526e-47,5.826526998054463e-20,2.856679430758664e-60,4.133542220324929e-41,5.230594588419442e-21,1.019347658583602e-19,0.10862729438076786,0.009090013940318789,1.298499352236159e-31,4.94784240976071e-56,1.1910069258688823e-38,0.010097648119114499,2.8865463736055885e-53,4.6418146878478247e-42,2.2476513684326307e-66,4.666166250979443e-10,7.273287985864397e-58,6.375877578710051e-42
T[T>G]G,2.399867797378943e-46,3.2830358070199026e-79,2.9566374766815162e-43,0.034135679958884786,5.381464594869157e-57,2.656879153456932e-13,1.152669633379845e-34,4.0408109047120164e-58,3.665739079798607e-36,2.404174996387782e-72,7.156437569621456e-96,8.982873763757069e-38,1.9627903137362794e-107,2.2029471791732026e-84,1.1922960723983856e-08,3.3640951238469275e-29,1.9136879482197015e-45,0.05264467430802085,0.006665404110776021,6.23523622952244e-66,9.584326827600552e-59,9.247315998047897e-33
T[T>G]T,5.240210954859605e-23,1.7075411709059248e-12,7.677162056471009e-47,2.0598631163302995e-45,2.1671852662329288e-89,9.82155702994952e-40,1.8480981816748422e-54,1.3578486232532495e-18,1.044116487217627e-55,1.2897782651477582e-50,1.3251202407971258e-48,7.022941819796745e-76,1.2225004963781542e-31,4.2750615993812035e-47,2.9348675638725577e-41,2.6976893773868102e-14,2.0216138461929445e-34,0.03394372137277284,0.03353264724544894,0.021223498315795463,4.867262732636656e-42,5.104239272235203e-46
