sample_id	0	1	2	3	4	5
TCGA-4P-AA8J-01A-11R-A39I-07	14.183870141641714	0.29358807028893735	27.838464976628323	8.14457175093903	11.612816128063132	-6.231887057737678
TCGA-BA-4074-01A-01R-1436-07	31.278079708710877	0.509213753394542	16.68252937811749	-20.42067952360629	-1.2953539383437378	9.667980669064884
TCGA-BA-4075-01A-01R-1436-07	24.258460764711717	8.887078982772579	17.92066801249108	-21.336461121681726	-5.916548558171908	9.740113688457594
TCGA-BA-4076-01A-01R-1436-07	5.192250075730941	13.260229524290798	-5.663471833370264	-13.379992715966726	-0.4952863741221869	-1.330147474698024
TCGA-BA-4077-01B-01R-1436-07	-5.721013416913218	-0.4773511624875077	0.5538847903654046	9.984002799778297	-6.183505165924707	-9.77181946305372
TCGA-BA-4078-01A-01R-1436-07	-3.428956173760404	-31.362931475261583	3.5011053920396726	-6.151367594727935	2.1605548032106494	-4.563869732546257
TCGA-BA-5149-01A-01R-1514-07	-7.885302082835176	11.391763153506602	11.801735552884118	-13.139435329458829	-15.284614432237824	3.2563927673225783
TCGA-BA-5151-01A-01R-1436-07	-19.30672897067977	11.271409814030008	-8.647110407005172	-2.0649474943173187	-7.052743265109373	2.818421442951626
TCGA-BA-5152-01A-02R-1873-07	8.616603594692624	12.155455263804	-2.751048960452567	5.196058474418112	-5.158962383979493	-5.93079844506173
TCGA-BA-5153-01A-01R-1436-07	-11.733556519279384	-27.802195916300978	-12.795764976015345	13.433888699486022	-12.276191271461373	-6.465970208225046
TCGA-BA-5555-01A-01R-1514-07	-8.966278898721486	-10.91882100027114	-10.504921177952637	-3.4517224640187245	-3.6473183788403034	-8.121151805107163
TCGA-BA-5556-01A-01R-1514-07	-12.455803293074053	12.680325903878982	-5.558771060594627	12.664954000807306	-13.182735062097535	-5.114090377846058
TCGA-BA-5557-01A-01R-1514-07	-17.101653796756345	18.209771314384767	4.951826693456614	3.0244785054139154	9.533172658195936	-11.136792930540004
TCGA-BA-5558-01A-01R-1514-07	-9.980467347404051	16.380226371400706	-6.770460794488676	0.4706248739509409	-5.309359625030868	-2.664437321060577
TCGA-BA-5559-01A-01R-1514-07	-6.538970893657679	-35.76442642749514	4.612843750201469	20.82001539617045	-5.607407645029133	9.729171294345559
TCGA-BA-6868-01B-12R-1915-07	-8.373598912676183	8.919199568140417	12.74760735206843	-12.280230734458335	-6.2056765316849685	-11.992476240324814
TCGA-BA-6869-01A-11R-1873-07	11.18061380015772	1.4464836366423475	-16.688574110169295	-0.05245660753928249	5.914626769507153	-9.079969048936354
TCGA-BA-6870-01A-11R-1873-07	3.088704652803785	14.835708369213217	1.5253155110158638	-5.383480625294977	-0.9707057697935615	-9.335531582710617
TCGA-BA-6871-01A-11R-1873-07	13.55678943007113	-28.45898237592706	9.780456464031573	-5.025420622823988	-4.125019248377945	-3.819647609160271
TCGA-BA-6872-01A-11R-1873-07	2.1891804665365466	13.353301117188735	8.77722093984698	-7.306298919435997	-2.4507690506842184	-10.552655908593811
TCGA-BA-6873-01A-11R-1873-07	-10.680887196451541	2.9485934070989157	13.790644345784681	-5.645191348079463	-13.600608334709703	8.959274263102534
TCGA-BA-7269-01A-11R-2016-07	39.33181885915513	6.7536817995602085	16.101207493908706	-4.562073838247402	24.774519111900286	-11.285322464675142
TCGA-BA-A4IF-01A-11R-A266-07	-4.590061788603269	-1.8187176278436026	-10.943126938374839	-7.731525066280394	4.7211502728526815	8.014075672675283
TCGA-BA-A4IG-01A-11R-A266-07	4.106001342722029	-3.721473984386183	-24.246550826361204	-4.27567893196049	-4.951430124705503	2.5107282467935264
TCGA-BA-A4IH-01A-11R-A266-07	2.9276204715900476	-21.26714426974238	-8.282332189962595	5.236939567212088	-4.156710108049246	3.975730389905568
TCGA-BA-A4II-01A-11R-A266-07	-2.706220639806616	6.7503748249278095	-11.809438270347389	-7.166276975215508	1.8352807287207085	-0.2760999329031468
TCGA-BA-A6D8-01A-31R-A31N-07	55.13450255538652	-7.605848241633754	13.577358194815373	-9.149434450324907	20.13030502562655	-9.596180022925058
TCGA-BA-A6DA-01A-31R-A31N-07	31.485477869863402	33.002829724147176	-6.883885798843599	2.4899499657403883	13.957660463162515	-8.153290119413715
TCGA-BA-A6DB-01A-11R-A30B-07	5.210866806168186	7.877624863228763	4.448652299307439	17.99782569429025	16.43628895423393	13.183451535955752
TCGA-BA-A6DD-01A-12R-A31N-07	13.763951772850188	13.471727741280008	1.2228227459900625	7.97435419678255	1.178451472886074	-10.425613178600582
TCGA-BA-A6DE-01A-22R-A31N-07	-4.156684037955652	5.947232762460103	-7.003884654846853	-6.156670098704236	-2.203263893886537	5.985431175057514
TCGA-BA-A6DG-01A-21R-A30B-07	-7.11562603077894	5.114043562642622	24.098372002986324	-0.5780451268103401	12.404474035735245	0.34072069746145733
TCGA-BA-A6DI-01A-11R-A30B-07	-6.286823919698718	8.261030183504587	-11.8290314857223	-0.5129393728410845	1.5785057301036494	-6.5694172147253935
TCGA-BA-A6DJ-01A-11R-A30B-07	4.143033580858213	19.925225223964368	-1.1347463411045093	1.5406198118393717	-11.20088106302391	-2.127427879511849
TCGA-BA-A6DL-01A-21R-A30B-07	9.121407281395435	10.268324907811307	-22.989804433057436	-6.821672105514407	2.6986217174706395	4.915325652868714
TCGA-BA-A8YP-01A-11R-A39I-07	-0.49992193191312834	-24.85768020233717	5.35456106246683	-13.671507082538259	7.146032207651708	2.6946473651685032
TCGA-BB-4217-01A-11R-2081-07	0.057514207921608176	-1.9974489162047842	-3.520660020489985	-1.5258151140950755	-3.23943452237397	-1.3638482326110877
TCGA-BB-4223-01A-01R-1436-07	4.895978476529308	-29.965381862908306	-12.205756007792955	5.4684972613391265	-11.4578606256088	4.163928636957382
TCGA-BB-4224-01A-01R-1436-07	11.838719931458137	0.8995811395528085	-15.57018403158121	-2.871334272318357	0.0791770053609545	20.20128256724844
TCGA-BB-4225-01A-01R-1436-07	11.65215806138052	-24.29780615501035	-3.802161316703794	9.631514354813893	-12.50570453797568	0.690500321328765
TCGA-BB-4227-01A-01R-1873-07	7.232962965010045	1.4972141695366257	-12.540925439652103	-11.667229353680687	-4.025083066913559	-1.2649762782572351
TCGA-BB-4228-01A-01R-1436-07	11.975968611526904	-24.21397535265861	-7.034071836386416	0.7102990299859377	-3.6743425114006	3.2151404634592575
TCGA-BB-7870-01A-11R-2232-07	37.77524082991382	-0.43650214276982086	-22.896038302088133	-16.490297473711433	-0.1610873513251221	9.090111291844536
TCGA-BB-8596-01A-11R-2403-07	-18.630606447336753	-13.062893284037047	14.40442477718864	3.2406352326366727	10.48897608976459	-5.487306206287181
TCGA-BB-8601-01A-11R-2403-07	23.617667503461238	-7.990184964839498	-24.01218176015073	-29.364952127207513	10.514466213507296	5.739301646521246
TCGA-BB-A5HU-01A-11R-A28V-07	-11.625107728249716	5.43069384153171	13.982554726342874	-14.941579368222326	-4.918233885365747	-7.341691092491093
TCGA-BB-A5HY-01A-11R-A28V-07	16.241650119233395	-5.3150323310450185	12.120930108519882	-19.64365576678528	-11.04769180043453	2.1047000104931897
TCGA-BB-A5HZ-01A-21R-A28V-07	4.398024533426872	11.34663007059198	-9.50146782817233	-6.106536993613198	7.16719267267654	8.01311671552114
TCGA-BB-A6UM-01A-12R-A34R-07	18.209874579951776	-5.680760994659334	-21.233880653431243	17.032204037294917	-10.607238849506778	-2.5397477656173364
TCGA-BB-A6UO-01A-12R-A34R-07	14.866460788439323	20.193920891323092	8.387077195263714	-4.273208033737402	-1.6459909583811276	-3.466342180031101
TCGA-C9-A47Z-01A-11R-A24H-07	-13.617129638205205	20.26386106485445	-7.3123644223438165	-3.038693811607673	-1.5879833368600274	9.857057731331082
TCGA-C9-A480-01A-12R-A24H-07	-8.628603364183892	17.083772047397787	-8.170564647191357	5.364131497225933	-0.6576860432135097	16.03566012027213
TCGA-CN-4723-01A-01R-1436-07	-9.449004668408644	-6.421484018234836	5.007040250278667	-6.862065452204388	-4.545862033549847	-9.46551392006335
TCGA-CN-4725-01A-01R-1436-07	-16.323141808507785	10.300065742101971	0.7765825500298328	-13.593854336335419	4.253957221207015	20.785302399688046
TCGA-CN-4726-01A-01R-1436-07	-5.704122642617451	20.829908116546914	0.3794733707369916	-6.23539549167347	9.828680107911842	4.734120207720446
TCGA-CN-4727-01A-01R-1436-07	-0.22380215075922463	-4.3126133769225845	-5.503328398375889	-17.604171882400326	-4.169458037795041	0.3056875206044693
TCGA-CN-4728-01A-01R-1436-07	-13.511394703406141	-13.125702148261926	15.294265651617042	8.13030859885469	11.774595885345171	-5.1054950170928235
TCGA-CN-4729-01A-01R-1436-07	-11.953286359392372	9.139578357523702	-6.05042377068715	-6.59283677961694	4.82395531635421	-6.102777861783641
TCGA-CN-4730-01A-01R-1436-07	10.558341029660296	7.239258783458363	-9.027546629385112	-21.974013027131022	-1.0386127339517202	8.635442816017072
TCGA-CN-4731-01A-01R-1436-07	-2.989311604496201	3.7000859627826714	0.9982643674288804	-6.921563074634066	2.7717118033521753	-8.677672473944911
TCGA-CN-4733-01A-02R-1873-07	-13.09892381235704	-5.408427178461444	19.721995301280646	12.804583520903895	-3.913264748624942	2.729684751332764
TCGA-CN-4734-01A-01R-1436-07	-11.230481820127444	15.994924510969478	0.3963449573658885	1.1298225908193948	-12.67758532621442	-3.6319508444216093
TCGA-CN-4735-01A-01R-1436-07	-2.4283076744093117	-30.379227844330615	3.6653160814268384	2.368294486281126	-6.5493004692528975	-4.032506738046257
TCGA-CN-4736-01A-01R-1436-07	-14.600693640094253	1.115236040791069	14.22019743931816	17.270268666427498	4.377123832263978	10.501982389598114
TCGA-CN-4737-01A-01R-1436-07	-22.97360970942419	1.3003015379711254	6.9212657597096126	1.9557265309572724	15.444996975309447	10.48798930624002
TCGA-CN-4738-01A-02R-1514-07	-16.452191972317063	3.8928718915366947	-7.7794333569975285	4.070586024368226	-4.794000260246044	-9.525886771844396
TCGA-CN-4739-01A-02R-1514-07	-8.784085010804077	-9.559290887688984	-20.139987218061243	3.566311324851546	3.9943534627487174	-3.8175403386919067
TCGA-CN-4740-01A-01R-1436-07	-11.827181479521286	-5.223282925397651	9.788074501268518	9.952254270909094	15.885295555710197	5.738651369397348
TCGA-CN-4741-01A-01R-1436-07	-14.545367508797602	-4.07373823407715	-19.80251726069743	6.363021116339742	-0.1863857740820593	-3.6151107848956636
TCGA-CN-4742-01A-02R-1514-07	-20.454300055816997	12.140770516433198	9.332051262565951	-1.1997933174418263	5.152534328188462	-2.709328380211331
TCGA-CN-5355-01A-01R-1436-07	-17.603763566608873	2.677210925886112	4.122516795086823	-6.6578067083768495	8.032198109970054	8.315357367118311
TCGA-CN-5356-01A-01R-1436-07	-12.77414112094161	-3.09431723468993	-5.541063872337723	-13.303877367189855	-2.2915704542849835	2.755567607533296
TCGA-CN-5358-01A-01R-1514-07	-22.27750870876364	-4.072008913776001	8.593936884439964	13.973081215268715	9.810088890294114	4.945948048511264
TCGA-CN-5359-01A-01R-1436-07	-20.74503282071834	-7.684974584905365	2.6138759560014986	2.4710044423925543	2.931311730809583	-3.784980891225777
TCGA-CN-5360-01A-01R-1436-07	-20.84398464384875	-22.139514382377616	-7.649777947720321	14.972982813490221	13.914505084515529	-0.4387326957848095
TCGA-CN-5361-01A-01R-1436-07	-14.892183170890233	-7.297672021578284	14.026491870547796	-1.4765878761935856	-2.905009013536501	-11.628472737639495
TCGA-CN-5363-01A-01R-1436-07	-5.179047506197746	-6.87596201989517	23.53974971735499	-3.728179574248073	-15.032836512365517	6.6113881416560165
TCGA-CN-5364-01A-01R-1436-07	-3.0750585095684495	0.17141088457579798	-1.4919162090630265	0.2768852827486318	0.9794512150807088	1.3624947189481136
TCGA-CN-5365-01A-01R-1436-07	5.144510430380506	21.03374687360294	-0.3889229106550144	-1.7504417247917032	-10.11082426110061	-5.363221234976916
TCGA-CN-5366-01A-01R-1436-07	-11.138757729485668	5.998921705325785	13.47289087691289	-7.005561040263555	-2.361869870516646	0.1191304016090033
TCGA-CN-5367-01A-01R-1436-07	-7.681491417717133	0.604897881622249	7.751672628851525	-2.947021350662454	-5.103865392110878	5.877555481719423
TCGA-CN-5369-01A-01R-1436-07	-8.299647358734981	11.928647660784387	0.328200207083198	8.520527917236038	-6.336029682626686	-5.640786185843307
TCGA-CN-5370-01A-01R-2016-07	-16.560420979151175	-2.225637088390157	14.647116262765875	9.973570730192858	-1.2066411439168971	6.523307018849462
TCGA-CN-5373-01A-01R-1436-07	-30.546688218927674	10.991556421686623	-0.8771927749754197	16.507227847264026	3.41319789477963	-2.3729554881069306
TCGA-CN-5374-01A-01R-1436-07	13.677928567475638	-12.035175737961579	-14.180414422019371	12.470230477489213	-0.8395311843764843	6.5441180914344645
TCGA-CN-6010-01A-11R-1686-07	-9.807279537800767	-21.502602579786487	-7.9630833886561865	-8.002281225444541	8.2702633392537	-8.498989793162353
TCGA-CN-6011-01A-11R-1686-07	-9.388462938084354	9.771103005239393	0.9319234343591308	0.30155286331082753	-11.980232374653417	-4.573850770940085
TCGA-CN-6012-01A-11R-1686-07	-5.732886459845527	-15.759113097061011	-13.982423830493715	2.0855957503016116	7.606568411822829	-11.607374104287707
TCGA-CN-6013-01A-11R-1686-07	-13.785783921036654	2.81195641576938	-3.056093438220065	19.078955103221503	-3.383200608639764	-5.101135673826784
TCGA-CN-6016-01A-11R-1686-07	-18.72742218472016	-5.065442635244425	26.065635710075615	16.81179477074005	17.526782089632576	1.1239815512010751
TCGA-CN-6017-01A-11R-1686-07	-12.86219251744316	-11.597924003900122	23.717489403067713	21.667613661481777	4.246287769274289	16.104888725603377
TCGA-CN-6018-01A-11R-1686-07	-13.507883886420302	-2.7002950930482017	20.224563728796618	-0.0798207612400409	-10.108232652821641	2.927198671016328
TCGA-CN-6019-01A-11R-1686-07	-10.137230068470519	-14.502034620629717	11.878503518594698	10.710611158338422	24.915897817201454	-7.438200816110655
TCGA-CN-6020-01A-11R-1686-07	-13.958974357192844	7.672622400856605	-3.390968735041193	0.40432460934487136	2.275870140432234	-8.156360979187552
TCGA-CN-6021-01A-11R-1686-07	-6.8221017334659475	-8.340004618724851	-21.369452052819877	-6.0208640893696055	9.794956845994989	-3.6460084286585355
TCGA-CN-6022-01A-21R-1686-07	-10.927234261011174	-7.359464100577493	22.12198986981714	-1.6353789906078338	2.2962717611030583	2.005898024601709
TCGA-CN-6023-01A-11R-1686-07	6.390765661402354	-33.61691639328312	-7.86084541630085	-6.177843041204014	-10.160458018664679	0.24414647166609346
TCGA-CN-6024-01A-11R-1686-07	-4.827219401878068	-7.800691318192169	-1.7672058139854652	-12.212910233432996	17.65626999715411	5.737090020064007
TCGA-CN-6988-01A-11R-1915-07	-5.402541176261395	-4.171266675814809	-28.90506027951966	-4.501158290906612	7.9254980718028225	2.313645405146956
TCGA-CN-6989-01A-11R-1915-07	-14.965358382987624	-16.75898381252314	14.4613882771076	-4.8094233563598605	8.337731176367141	0.5973158757358301
TCGA-CN-6992-01A-11R-1915-07	-4.069172993170511	-19.350944188018932	-13.314281922498587	-12.568578750993701	9.70560635223521	-2.5992213856454045
TCGA-CN-6994-01A-11R-1915-07	-15.241082752483	-0.6416705933488094	-3.7711223637679154	0.14422984503465222	4.040554790436154	-11.558383419548553
TCGA-CN-6995-01A-31R-2016-07	2.500794963251536	8.270521540593473	4.50754697949987	4.436178936834119	-8.22870903417207	2.096168929862006
TCGA-CN-6996-01A-11R-1915-07	-23.552395407442866	3.1884180915676246	7.6059545415150485	11.677307061732359	-4.751693197121143	12.272129972146951
TCGA-CN-6997-01A-11R-2016-07	-7.971362357970429	-20.153823080978487	-4.5714498601658615	-19.55335901777764	-0.3341057261065452	-5.648439044081592
TCGA-CN-6998-01A-23R-2016-07	-12.313458688279194	26.288145922548193	-5.8215148122776545	-0.19949065949221156	-3.7422454161421217	7.238472207101253
TCGA-CN-A497-01A-11R-A24H-07	-0.5513857995870063	-22.02203228912721	-4.965583550944312	-6.331334133921832	0.586923513391771	-1.1290414398349886
TCGA-CN-A498-01A-11R-A24H-07	-13.176225417705451	5.9965624250547975	-8.120007164981933	-2.028805309386616	-1.2668009529585083	-11.856004121454202
TCGA-CN-A499-01A-11R-A24H-07	-7.406264825238943	-0.4637729120995391	-8.934826871444695	2.7833949842603594	-21.61837458374253	1.7627788511603641
TCGA-CN-A49A-01A-11R-A24H-07	-4.64322083751986	-9.380904287538879	5.8883182323018906	-10.857535668043882	6.216440485697974	1.0740226979606957
TCGA-CN-A49B-01A-31R-A24H-07	6.056572628537438	1.3686720147531277	-1.8974782844002378	3.905721346554632	-11.4981966694683	-10.356040086968571
TCGA-CN-A49C-01A-11R-A24H-07	10.7328390573817	-3.2003684490310786	-19.247558078192327	7.582707712894286	-6.667944706210805	-7.408492428034912
TCGA-CN-A63T-01A-11R-A28V-07	9.204142345310961	3.638313366847472	-2.816194296935576	2.454194118448919	6.1989428194432525	-2.171250876765652
TCGA-CN-A63U-01A-11R-A30B-07	25.092991952336305	-17.31600517043083	-13.625980507564133	-8.776676454946603	3.300969770969191	4.652068142630148
TCGA-CN-A63V-01A-11R-A466-07	10.364075215636442	4.571047389877172	10.452095191415614	-3.693453637287977	7.965388958859233	-0.17262112485967684
TCGA-CN-A63W-01A-11R-A30B-07	4.6671987041476255	8.923755289254553	-5.431647381422208	-6.908868853947875	1.429707585741689	-0.6672973435071823
TCGA-CN-A641-01A-11R-A30B-07	8.959532031976984	4.068030333745633	-23.23548644398906	-8.077385451011557	7.6398596773184835	6.843279581523808
TCGA-CN-A642-01A-12R-A30B-07	20.828939998181962	0.4608375537199053	14.3099232406609	-1.427442685501563	-12.75827801134315	15.52836749992404
TCGA-CN-A6UY-01A-12R-A34R-07	42.35181829179792	-16.32632998179118	-1.295113218294706	18.071266386915628	-9.114568141092079	-2.3277718992490737
TCGA-CN-A6V1-01A-12R-A34R-07	41.20440664251748	-10.521009163397414	-7.880847844416339	27.54042326932692	-2.133086149832484	-0.2529667343608719
TCGA-CN-A6V3-01A-12R-A34R-07	-5.231386255205392	5.974410661926506	-9.010520807569579	5.074845777602433	-7.433264953321795	-5.021987504175559
TCGA-CN-A6V6-01A-12R-A34R-07	5.32099253732549	-12.516783259202082	-11.262769830090479	23.343563989345938	0.00397958706383132	5.646036777497772
TCGA-CN-A6V7-01A-12R-A34R-07	21.03365953612514	-17.760308319684984	-26.746068067593303	-1.0638251439342934	-12.619226296985728	0.9402099878692848
TCGA-CQ-5323-01A-01R-1686-07	-8.233411466743927	-0.733354411804168	-18.627330021377215	5.411315949252115	-3.6559123585484636	-1.690111067253958
TCGA-CQ-5324-01A-01R-1686-07	-4.16944013152549	5.4225944696900505	-7.799125493917274	-1.0638620080674452	0.2606622577507287	-9.319130797026126
TCGA-CQ-5325-01A-01R-1686-07	-9.44463844391884	5.059478076185822	12.537562474821318	15.760700107756964	0.6208125526829239	11.310218082334671
TCGA-CQ-5326-01A-01R-1873-07	-16.192705052799454	8.930949396192943	2.169220494505543	-10.481739581947496	-13.963031637063356	-2.749996029713814
TCGA-CQ-5327-01A-01R-1686-07	5.5559246480736055	15.677956636315148	-2.081009850187577	10.863100757666345	-3.7993273346541967	10.03876795795796
TCGA-CQ-5329-01A-01R-1686-07	-0.6160702498404476	1.6147532501869062	16.80631458327068	-0.5626701063478919	-6.487404478318459	8.680047570997525
TCGA-CQ-5330-01A-01R-1686-07	-10.24785606974898	-2.2460626945066324	26.269968166801174	6.985051101901472	-1.967081351549278	9.573862563416103
TCGA-CQ-5331-01A-02R-1873-07	-7.101075398853432	13.954456093688263	-6.4869090585234215	10.417122324044648	-10.595219028741957	3.4090014360378755
TCGA-CQ-5332-01A-01R-1686-07	-0.5648731233352079	-9.482685422824138	-10.502569606208702	-16.515765377416187	13.262132183857316	-2.439999024214123
TCGA-CQ-5333-01A-01R-2403-07	15.227943907430983	0.6350707697801109	25.342230693832942	18.17576902229183	-3.074887962321186	11.340519595252365
TCGA-CQ-5334-01A-01R-1686-07	-11.37295773712205	4.287906567097023	10.993489237674284	4.3496631564263195	-13.418806907310701	0.9132813946156672
TCGA-CQ-6218-01A-11R-1915-07	-5.314431777706303	18.416844365671135	-1.9977168402272665	4.3972414367883115	0.11373440716523825	-5.877957477153364
TCGA-CQ-6219-01A-11R-1915-07	1.6295166113683484	2.0310833580501297	10.61799495301129	6.597472494961548	-4.975240338601536	3.404276329922789
TCGA-CQ-6220-01A-11R-1915-07	-10.263994620319847	21.16214767684379	-10.125305230212858	-0.9624264803990293	-4.467675338352174	1.9318597434413773
TCGA-CQ-6221-01A-11R-2081-07	2.772164158201345	-37.49345321791382	42.615014909270265	-9.841713584402227	-7.920829698001105	-4.31295657542887
TCGA-CQ-6222-01A-11R-1915-07	-3.014668820681977	6.579599769445552	-0.34150875930534735	25.5750506493826	15.311087170339645	15.918485175340537
TCGA-CQ-6223-01A-11R-1915-07	-13.842983661232035	18.759229291577988	-20.19583398878013	3.7589344894594823	-2.4495292092916103	-6.368711551020499
TCGA-CQ-6224-01A-11R-1915-07	-11.147332632802563	-5.424444365573274	33.75980038666988	1.2042657994842745	0.7844773521948925	5.253849209318962
TCGA-CQ-6225-01A-11R-1915-07	15.39506952379444	0.006128095829794116	-24.485860329101413	-14.713006907056293	14.412262604568859	6.814887995607141
TCGA-CQ-6227-01A-11R-1915-07	-11.48926076439974	6.1083803676218595	16.535007664793408	-1.1181788461947904	13.185053467720492	9.876425918276054
TCGA-CQ-6228-01A-11R-1915-07	6.2275389295281425	-10.887968123768177	-13.358041306948586	-11.503968199939605	8.692890377392267	-3.6144458527561847
TCGA-CQ-6229-01A-11R-1915-07	-10.73116070585324	15.192844354545992	1.2007928472050227	5.985409168915327	6.773877023237977	12.454038514668463
TCGA-CQ-7063-01A-11R-2403-07	-11.246540173932917	18.196725709916972	-3.6387721117628953	9.585359754668547	-11.694791652775027	0.5952976662910757
TCGA-CQ-7065-01A-11R-2081-07	-6.088643798884175	17.01530678950375	0.40203093536058293	-7.397337578534279	7.58674569722928	9.219720644687811
TCGA-CQ-7068-01A-11R-2081-07	3.4429824867862355	7.568627904234331	-0.49767966311532374	9.78515829055567	-21.7888843984924	0.030342325784852592
TCGA-CQ-7069-01A-11R-2403-07	-27.73494086197365	15.891904827697598	10.510303307378704	-9.356869160201414	-3.3991264451443572	-8.034061349100888
TCGA-CQ-7071-01A-12R-A30B-07	-8.712765224520913	17.610456796649572	-7.808367267960886	1.0550742573360332	-3.5884932480969143	1.8757189590213923
TCGA-CQ-7072-01A-21R-A30B-07	-7.6999515111578045	-20.870713204066625	24.66147751532496	-11.513421928940861	10.32115970757596	0.7854495612144008
TCGA-CQ-A4C6-01A-11R-A24Z-07	-12.807887165434686	14.951687059670565	10.543477001009025	1.0761770943215438	-7.47285461507739	7.016984392858264
TCGA-CQ-A4C7-01A-11R-A24Z-07	-8.301060812277543	1.3218229343636347	18.39465133399953	-0.4152429902080108	-4.940265381248549	6.919856279643589
TCGA-CQ-A4C9-01A-11R-A24Z-07	3.2467591330262704	-5.700945869938792	-14.830775738374083	1.3228389019376656	9.734999170332319	-6.3800858021854845
TCGA-CQ-A4CB-01A-11R-A24Z-07	-4.952371479821001	-2.423002318339183	15.23423954341695	-7.487141673475008	-15.06442507867414	-5.1396200551073745
TCGA-CQ-A4CD-01A-21R-A24Z-07	11.101032226279097	7.692201304673026	6.332813388130428	-1.485393751967866	-18.78327348480462	-4.598237015484051
TCGA-CQ-A4CE-01A-11R-A266-07	-2.607943197653367	16.773328625618596	-20.264434263542718	5.017356299813075	3.968847101755461	9.44344109944286
TCGA-CQ-A4CG-01A-11R-A266-07	-13.043411257914602	-1.6492383734379368	6.55721398688912	-16.830822611612213	-12.58414276592066	-5.951228196879835
TCGA-CQ-A4CH-01A-11R-A266-07	-12.722495407969873	4.770176606282963	3.598248316913494	-10.517571431666099	-4.554381930799886	9.181408475991853
TCGA-CQ-A4CI-01A-11R-A266-07	8.559438485474429	-19.56230796323607	-5.993045967370239	-24.12082891979426	5.309337037503663	0.058891765419053624
TCGA-CR-5243-01A-01R-1514-07	-12.302698994502478	-23.408096712604305	-3.074520718177099	9.359920275225528	-5.439555308444154	-5.051471250584945
TCGA-CR-5247-01A-01R-2016-07	-0.9731702843173597	2.9321966596810047	7.7709475190923705	-19.043289809793592	12.667948209612593	-6.136082864627309
TCGA-CR-5248-01A-01R-2016-07	9.859480482163171	-21.512289941121605	-16.257495866867593	12.441744819103814	-11.4253974475329	0.47313681613110375
TCGA-CR-5249-01A-01R-1514-07	-13.362926423013999	-12.834693639954507	-13.957890422582546	10.576167515990777	-4.648800792002664	-10.754222682329605
TCGA-CR-5250-01A-01R-1514-07	-8.80634513348548	-21.766442107630784	-9.7973099505207	11.681380234165042	-4.400422768553559	-4.775735421504183
TCGA-CR-6467-01A-11R-1873-07	9.208234647517425	-33.05321268366895	-10.743996173443634	9.005106078624689	-13.057110229590375	2.5260195798251064
TCGA-CR-6470-01A-11R-1873-07	-5.497059793564517	-31.483885201659742	-0.2961510509589968	11.34432446364813	-9.76355260238393	-3.6368826524848656
TCGA-CR-6471-01A-11R-1873-07	-16.882118694588613	6.495799312635094	-9.856700622465217	9.994842756638363	-4.5870271191130545	-2.458076159336584
TCGA-CR-6472-01A-11R-1873-07	12.322983261322644	-26.916351681093424	-20.960394684954448	-4.187030317180075	0.6965517039094442	2.295984733861132
TCGA-CR-6473-01A-11R-1873-07	6.645068767345549	-20.782157600969178	-9.733405170090023	-5.520666482643818	-15.888100117991522	-1.239626412285419
TCGA-CR-6474-01A-11R-1873-07	-16.56638532990326	-2.3296892766605866	26.697662133063524	-6.334178363095947	5.19714607934395	-6.340551597428253
TCGA-CR-6477-01A-11R-1873-07	-14.860970694223147	5.11108827578358	10.65395512473313	-2.6927448669203007	0.8695837151716926	-7.92787518743132
TCGA-CR-6478-01A-11R-1873-07	-7.564803806801579	-4.360049389404022	8.612448912224828	0.4401024452865684	-19.22623983273024	-5.03177873879739
TCGA-CR-6480-01A-11R-1873-07	-9.339097681373264	-15.238082413950245	-27.750775724924544	14.12164693904108	-9.539306934071003	-5.874862771371198
TCGA-CR-6481-01A-11R-1873-07	-3.716623388208592	-16.434899298201074	-5.219395193911892	11.070351848584103	-10.620219736426458	-6.835627669359485
TCGA-CR-6482-01A-11R-1873-07	-3.818970831767152	-27.189048427486963	-1.7496753571075878	8.972894773893486	-6.401694417776619	0.6399118899525468
TCGA-CR-6484-01A-11R-1873-07	-10.478695606733266	-1.4468814512100745	-2.1849893734366477	15.284587473282278	-4.131962441040709	-7.993564440516238
TCGA-CR-6487-01A-11R-1873-07	8.924621559918158	-38.746832108065426	-0.25142718148860554	11.628472244759134	-14.372989025946948	5.778849045625124
TCGA-CR-6488-01A-12R-2081-07	-23.810761084652572	2.0988188460274038	10.850592199935374	6.217953214144769	9.401318695402136	4.049991746413294
TCGA-CR-6491-01A-11R-1873-07	-5.829983368706679	18.145543638434766	-8.555987106390448	-7.348464519926612	0.35563777906113764	-0.7435402881922157
TCGA-CR-6492-01A-12R-2081-07	-6.954217273460277	11.13201218821481	-8.04953469483337	7.675534357936886	-2.1305186630290573	-7.299744992007608
TCGA-CR-6493-01A-11R-1873-07	-4.4406557858817095	13.43943482379537	0.7570819788025185	-13.97944399299172	-14.62667289600365	7.021862726783357
TCGA-CR-7364-01A-11R-2016-07	-16.31914248025496	-5.744710280982511	-17.384288928566747	-3.7869938371207357	5.173014468368038	-3.9479321678304893
TCGA-CR-7365-01A-11R-2016-07	-20.83228498092931	11.455872036580686	4.893660237424492	-5.531490748494341	4.310207828999353	5.201762219701497
TCGA-CR-7367-01A-11R-2016-07	-18.38871859423917	0.47306204513479616	0.1202143147725758	-1.3389470395874723	5.752883618857642	-2.017313148731665
TCGA-CR-7368-01A-11R-2132-07	-22.124914432835624	-6.1665154704491725	-19.478350684996226	6.2217207789677165	-8.854402465581886	-5.772720962210474
TCGA-CR-7369-01A-11R-2132-07	-19.09196036479652	-0.6193949514751322	-10.665170504666523	-2.2798795886515975	0.9738067273472962	-3.9053787418160533
TCGA-CR-7370-01A-11R-2132-07	-13.561239336983979	-25.32624241709624	-10.2419966210183	-6.6193987820348825	3.513239158811774	-2.4955276979017116
TCGA-CR-7371-01A-11R-2016-07	-14.685013569710332	-11.690020971711096	-8.934444450170647	0.8836951610903535	6.709171662329803	-5.733088387905513
TCGA-CR-7372-01A-11R-2016-07	-19.230083735571363	5.200589922677944	-0.21908655596266025	-1.0670047042197353	11.390473750857462	6.142368161295601
TCGA-CR-7373-01A-11R-2016-07	-8.187335269421828	8.392883462512254	7.231891877687338	-4.083412757000124	-25.22003207080861	2.80844859042326
TCGA-CR-7374-01A-11R-2016-07	-6.4034889437793785	-22.87856780771388	-11.530800111652706	-4.939268204137984	1.4306851808454946	0.5900936098518359
TCGA-CR-7376-01A-11R-2132-07	-26.852909646875688	-11.98534522793229	16.716387198947054	17.77839630200659	2.324865448960005	-2.756874779486277
TCGA-CR-7377-01A-11R-2016-07	-17.574980128145345	-0.45263760185047835	11.892952101748667	10.755763519847294	4.455837083268941	5.111429080334063
TCGA-CR-7379-01A-11R-2016-07	-11.92929625501157	5.280275625854641	3.4733802551725224	-10.410138004622725	3.6320673096360316	2.7758959089497557
TCGA-CR-7380-01A-11R-2016-07	-18.9421832255341	5.149379883067106	1.3532931904620586	-4.864879050475526	-4.703441647576711	-3.243030287311091
TCGA-CR-7382-01A-11R-2132-07	-21.941151509355215	-14.35616096779531	23.571803708461452	7.226503855467511	-10.482174508192882	5.231278634543986
TCGA-CR-7383-01A-11R-2132-07	2.425916556321707	-4.5603248693288245	16.888141072959755	1.3147042490179797	4.241617922524901	2.6092475828344686
TCGA-CR-7385-01A-11R-2016-07	1.859902609927096	-14.453320545143374	-26.219529892656844	12.00511027418659	-8.932361367783418	-3.6703279608146606
TCGA-CR-7386-01A-11R-2016-07	-21.340820690241394	2.7095737317106883	16.298243405778077	10.929392140416358	6.251880826283293	-5.6051150217412795
TCGA-CR-7388-01A-11R-2016-07	-12.95468112380486	-6.241169218995321	-7.890315489770823	3.4181471592467174	5.59299305773807	-6.643834973022194
TCGA-CR-7389-01A-11R-2016-07	-20.43782100855827	-0.9966822562034434	-3.604057280394868	7.313973197285314	7.420989931746368	-14.167569929325518
TCGA-CR-7390-01A-11R-2016-07	-19.681893008498523	1.8468468193438625	-8.06782353607098	-17.690471857212255	5.574160714860083	-1.6556708656951962
TCGA-CR-7391-01A-11R-2016-07	-15.864345695342859	5.472072045243708	-4.857393489179122	17.223729212356087	14.038469284664963	4.905918913338074
TCGA-CR-7392-01A-11R-2016-07	-25.047369172729926	0.6223042430565017	12.167328121126374	8.723079112701539	-0.39518265564169097	-1.8633516554358942
TCGA-CR-7394-01A-11R-2016-07	-24.251863338988255	7.839893812504738	-4.439150781470114	14.684531224313849	1.9138302306669424	2.009847842211938
TCGA-CR-7395-01A-11R-2016-07	-10.173117875876288	12.329746524804607	1.0430078466643122	7.126862616938517	-4.405021562710163	0.3987387768671326
TCGA-CR-7397-01A-11R-2016-07	-19.03250224941176	0.7604324076520911	6.75648641341622	8.283898805588192	11.922616967706515	-2.149271882236441
TCGA-CR-7398-01A-11R-2016-07	-5.41190068755357	-19.684103513948852	-3.7221811493818273	-11.963610066831349	-0.7728762056750957	2.839159984345107
TCGA-CR-7399-01A-11R-2016-07	6.021685610682347	-24.123824519402774	1.7793751681006842	-0.35627739883425835	-10.547072537266256	-4.214363867372307
TCGA-CR-7401-01A-11R-2016-07	-12.34329271664038	10.156801078527444	10.032181466240102	4.580065612997829	12.148955178533521	2.242272938507731
TCGA-CR-7402-01A-11R-2016-07	-9.44482165445403	-15.657944033399312	-11.796184954358077	1.9161884388728718	-3.804720268211507	-1.0736380896897355
TCGA-CR-7404-01A-11R-2132-07	-5.050978282891347	-16.332297957721273	-12.715686422298862	7.9610133214094025	-5.742018988661105	-5.866403068168398
TCGA-CV-5430-01A-02R-1686-07	1.261804001033604	-26.859246519984787	-8.034735319974548	7.660277789456329	-4.115592102060787	-4.350855725368552
TCGA-CV-5432-01A-02R-1686-07	6.012220173155914	-2.138664531360259	-7.279654103720312	-10.152229196033483	10.559083337079667	0.19223394710236988
TCGA-CV-5434-01A-01R-1686-07	-6.946905387729656	-19.38241390171126	5.683892458238406	-0.4316753944688174	12.490217549576421	4.544918629575881
TCGA-CV-5435-01A-01R-1686-07	-14.200172518898707	-19.90843725932291	6.04373661997581	-17.876198523173567	5.2523867495673136	2.2001563511368203
TCGA-CV-5436-01A-01R-1514-07	-3.3645292050565607	5.063388318111374	12.31961865255722	-11.22086642817733	-5.047711154605595	1.7334768802960188
TCGA-CV-5439-01A-01R-1686-07	-3.065749682740271	11.25490039318356	-16.594389417543763	5.064014267365856	-4.851648829744372	-1.7501948239214247
TCGA-CV-5440-01A-01R-1514-07	-2.331753338065136	-7.392261780969724	-2.4217241200802215	-2.13224091705675	13.932952617504704	12.387234135222938
TCGA-CV-5441-01A-01R-1514-07	5.749254386283466	0.9673354342551876	-1.8482144960903057	-9.279567865147254	2.3266868183898843	0.35508677118503973
TCGA-CV-5442-01A-01R-1514-07	2.978609874696311	10.299320971488537	-28.39352046302508	-12.41580226846815	-9.84471547188448	12.630880685457635
TCGA-CV-5443-01A-01R-1514-07	7.126162309132125	-26.986113878275848	-0.9487315204401118	12.23981238511904	-9.858620718628634	-4.399869886756008
TCGA-CV-5444-01A-02R-1514-07	-14.835374223421168	-5.680310275509429	22.607987172096156	13.241186411216606	5.8347857846558675	4.13738777420251
TCGA-CV-5966-01A-11R-1686-07	15.626194518864454	1.3078432180354287	22.288719693518946	-6.094101555471922	-22.7039399745574	6.475670089036348
TCGA-CV-5970-01A-11R-1686-07	-21.995249133874157	12.187909734775095	1.0120289671946987	3.1909421009138534	5.833832396347719	1.7094309480898817
TCGA-CV-5971-01A-11R-1686-07	-6.035027388465592	-21.04292247947197	26.644723865004774	15.217533726746712	10.815997167337452	23.843150176630655
TCGA-CV-5973-01A-11R-1686-07	18.60819015795347	29.196413420706993	-3.4840015689343593	1.8221747850743002	10.080841834425444	-7.6629186143688255
TCGA-CV-5976-01A-11R-1686-07	-7.1809463855008975	6.957258417460379	8.936374685804651	-2.7053707630645194	3.637291724985814	7.009018633319261
TCGA-CV-5977-01A-11R-1686-07	6.462645805610203	16.0403734681756	6.908469772681082	-9.423335346397616	-14.990882341368764	5.839464928689298
TCGA-CV-5978-01A-11R-1686-07	-14.378262570603821	-19.54468645079622	1.779300644873328	-5.3761490226867945	5.333601319078565	-6.596312813623472
TCGA-CV-5979-01A-11R-1686-07	-8.703699724793367	12.259387753503496	11.6167063929293	-8.131971367882905	-7.791573530372118	0.4915279649687439
TCGA-CV-6003-01A-11R-1686-07	6.01200651202747	13.924920570025797	7.793421614325372	-13.017744969884491	-9.774255850017996	-0.8675703947968483
TCGA-CV-6433-01A-11R-1686-07	16.700983007820202	-22.380826427708016	-4.576333743715343	12.393558495742159	-20.500341758013786	-0.9996676350512403
TCGA-CV-6436-01A-11R-1686-07	34.47934790539222	30.528296940442324	-3.4245440239275635	8.19490082945877	1.1193349457896633	-1.2215975075846872
TCGA-CV-6441-01A-11R-1686-07	20.325883872471124	-12.652930855324712	-8.452049207618026	2.8144638783971527	-4.787702664119078	18.434288007177788
TCGA-CV-6933-01A-11R-1915-07	-6.096332151030407	-4.6269013496234255	-2.931208616661603	-5.942546694347311	11.475079139240673	-9.795869852255786
TCGA-CV-6934-01A-11R-1915-07	-16.7261106272187	-7.988702195110024	20.517818882952074	7.012015455923018	10.479910899113213	-1.5729211635589542
TCGA-CV-6935-01A-11R-1915-07	-1.1988513806677683	-6.067952764019902	0.6432216811667114	-12.122363573799534	16.416718790132297	-6.486996296728091
TCGA-CV-6936-01A-11R-1915-07	2.075489234522555	-1.0959123281048153	-1.711804482924385	-0.519284525330207	-10.575842751397387	-5.611119572820336
TCGA-CV-6937-01A-11R-2016-07	6.729970920941727	-1.4528304969088357	8.794018613436021	0.584482787303235	5.209004603012693	-9.816046571381879
TCGA-CV-6938-01A-11R-1915-07	2.253729591590666	11.552726134998347	-0.6380709585487248	6.520853094572106	-19.03564704869539	2.604134443788779
TCGA-CV-6939-01A-11R-1915-07	-12.567494659847576	-23.360057572993934	-9.157414910990127	9.32288996999014	-7.8881199204729775	-3.8207433469193606
TCGA-CV-6940-01A-11R-1915-07	-8.079876383916998	-3.699057370424813	-2.544114343503081	-8.095294723902526	12.501969927854168	4.840559903393686
TCGA-CV-6941-01A-11R-1915-07	-11.016982667578004	-6.782791391721925	-4.029328813246081	-3.033902654304223	7.808020376294803	-4.058152745275228
TCGA-CV-6942-01A-21R-2016-07	5.407759373715007	-0.9058810583148509	17.580119838009704	3.1528454788177065	-10.156235329714534	-4.6051121211803405
TCGA-CV-6943-01A-11R-1915-07	-18.060435806579104	4.314905762271808	8.948768004178508	20.199115867127347	3.1149447397982706	-8.921426617287548
TCGA-CV-6945-01A-11R-1915-07	5.110416993941074	17.69022412430972	6.544435502075742	-10.870033442280134	5.623599916889951	-12.384785251779471
TCGA-CV-6948-01A-11R-1915-07	14.797321033748544	-21.951070300567636	-11.391804832606882	-10.194403796735687	1.126927149597041	2.3000359766473504
TCGA-CV-6950-01A-11R-1915-07	-16.070899836823056	-1.6350704710678954	18.846748323820044	-6.7626427500915325	-2.0018427803287957	4.013910622592213
TCGA-CV-6951-01A-11R-1915-07	-4.072948746562118	-2.7513022165612857	-9.141397074448562	-5.126918584769761	15.833805060539555	3.8825227127005943
TCGA-CV-6952-01A-11R-1915-07	-14.509764329314853	21.445291477397177	0.12713646671345794	5.823683799484836	-3.09140112539479	6.125585327660094
TCGA-CV-6953-01A-11R-1915-07	0.421341560909218	22.62791669481018	-20.765773811060004	-4.186210872291837	2.7745462397390925	4.584842540878901
TCGA-CV-6954-01A-11R-1915-07	-0.5086871905215621	6.44407163684241	-0.3712599975210108	1.6779258414950033	-0.11477788360753549	1.2364912775231043
TCGA-CV-6955-01A-11R-2016-07	-1.0059685879345017	15.47631292793479	-32.920881712463505	14.780960544209075	1.8132740731253556	-1.5797945376815083
TCGA-CV-6956-01A-21R-2016-07	-7.203441587384791	8.148011627552771	-2.713518806127602	-11.408427238105165	5.986320993282804	13.900363159285233
TCGA-CV-6959-01A-11R-1915-07	-18.10009540757455	7.225383053626047	11.704055296255282	-0.9558533289054343	-4.132473510480947	10.545396589184122
TCGA-CV-6960-01A-41R-2016-07	-7.9044412540944	-0.9549984942540309	0.07242466399667398	-15.744884052881321	1.7473194103607	-7.327813082858812
TCGA-CV-6961-01A-21R-1915-07	-13.267246854833914	-4.677143072630066	10.821818674801966	1.792317947906297	1.5063190610497799	0.7548543356272305
TCGA-CV-6962-01A-11R-1915-07	10.359707254652559	-17.520364714675313	-16.004015250243295	-20.773262843588892	11.659891233540518	7.895947474254911
TCGA-CV-7089-01A-11R-2016-07	-2.066570994689714	17.73752976951334	-11.421983623391915	3.2419767622239766	-5.526150215828962	-2.1896870531993406
TCGA-CV-7090-01A-11R-2016-07	-17.957520269278426	5.862049867951525	16.095526809965126	-2.2096452725308704	-10.651402427284685	-8.744642010926661
TCGA-CV-7091-01A-11R-2016-07	-9.485873827896157	7.381804101194568	-0.5879542509695621	-4.608451503834759	0.6132472717769796	-6.3885586302708735
TCGA-CV-7095-01A-21R-2016-07	-6.9531985676136525	13.18759778568841	3.954676623685985	-2.6321709807388163	1.7950857225089962	2.6442220260778564
TCGA-CV-7097-01A-11R-2016-07	-10.670610384297099	2.315750822052498	11.870838404086301	-2.2192873296607285	-4.172028263798386	8.713067386360281
TCGA-CV-7099-01A-41R-2016-07	-0.4550775122935365	10.468547542960662	-10.558218244702157	4.564983409672835	-8.30669315912736	-4.988501247074357
TCGA-CV-7100-01A-11R-2016-07	-1.0805986727425012	-14.430203370165637	6.169682757701248	-3.34959108310209	-18.538900743476884	-5.720944859227006
TCGA-CV-7101-01A-11R-2016-07	-8.16190163706239	-7.129787872128012	-13.961709065362665	-0.7753462368780151	7.413087453545498	-7.632463890578314
TCGA-CV-7102-01A-11R-2016-07	-9.50993524683617	-3.5556467587011613	22.486308150859212	-8.129328010913177	-3.1032332584819033	6.619529896351802
TCGA-CV-7103-01A-21R-2016-07	-9.374938957575687	-18.371155701616093	12.790320462733806	-4.920765999205049	22.147996159668125	0.580121350702061
TCGA-CV-7104-01A-11R-2016-07	-21.87844370110926	4.7133885703763045	12.59935198160137	12.799312403738448	0.5679801971295179	5.028279720813392
TCGA-CV-7177-01A-11R-2016-07	-14.508879647901756	-6.015909367165646	-2.9076646306297005	-7.700785094259257	16.379880492333278	-11.106971976556162
TCGA-CV-7178-01A-21R-2016-07	-7.570370273014229	-9.06334098011146	12.466715576553609	-0.15223492958628332	0.3456048941797757	4.64304197779531
TCGA-CV-7180-01A-11R-2016-07	6.149048379047881	19.347401736968195	-14.681283272369106	-6.47725348746851	0.880579437843706	5.7453285711507895
TCGA-CV-7183-01A-11R-2016-07	-6.972506779616666	25.255564103552274	-14.41440820780328	-5.1521451710154365	9.465788934142434	1.4146624460534938
TCGA-CV-7235-01A-11R-2016-07	-4.472402202147468	-6.076262279460021	12.165625605440887	-0.971249870483569	-10.893819066628723	-9.711798117387769
TCGA-CV-7236-01A-11R-2016-07	-17.61700629523429	2.2944333028108925	9.24713976756654	-4.699557732045009	-5.851447647260018	-10.116109666898746
TCGA-CV-7238-01A-11R-2016-07	-9.219534090334326	6.413809927817276	12.08253392483833	10.12004835327466	5.832366164955279	7.542085928304325
TCGA-CV-7242-01A-11R-2016-07	-4.095142706841954	-7.912802487807273	-16.28578867465312	4.398509721753241	7.5157434264893554	-8.068947374841787
TCGA-CV-7243-01A-11R-2016-07	-6.6701190614908725	7.7262976431312955	17.82751555422111	-6.904404444836171	8.05529839151192	1.3887565993969706
TCGA-CV-7245-01A-11R-2016-07	-12.408273242325421	6.148757819741879	-4.296329985156085	-13.197938387567898	4.410716307390211	-8.716956053912035
TCGA-CV-7247-01A-11R-2016-07	-3.8925658642080205	-1.6655190498419667	6.451815435433345	-8.114284397556997	2.7066570915364743	12.74956489493271
TCGA-CV-7248-01A-11R-2016-07	-4.807581933926635	-10.623241277600812	-4.993099092763452	-2.1749186638660034	9.961793054074167	-2.951365144507606
TCGA-CV-7250-01A-11R-2016-07	-4.3328540636732225	0.13490050908579376	-20.713820235319144	-1.0123673264536217	1.171002092600595	-0.320944464796057
TCGA-CV-7252-01A-11R-2016-07	-9.253521051955579	11.142374806801456	6.757399211404166	-8.38143100980048	-7.005484851659957	-5.42014917698536
TCGA-CV-7253-01A-11R-2016-07	-3.357727632269872	4.5917893735085435	-20.33383284872973	-15.57987823908079	5.749488401952931	7.348079770883283
TCGA-CV-7254-01A-11R-2016-07	5.365766454357836	-26.064376755291434	7.447788026323891	0.8226631744948198	9.773151067424978	-8.831499046566663
TCGA-CV-7255-01A-11R-2016-07	-15.50174265668107	12.741595072342932	2.6458853377249114	-6.20684275596692	-1.7305470561512861	6.255322591425331
TCGA-CV-7261-01A-11R-2016-07	-7.843250432675941	-17.285120890108374	-9.287243684380565	-10.982895246147482	8.829963085992532	-5.569839984607398
TCGA-CV-7263-01A-11R-2016-07	-4.146833825700472	-9.80913924227663	-1.3187422169221013	4.37320512727554	15.03676236260406	7.435246305020224
TCGA-CV-7406-01A-11R-2081-07	-7.5026354873638255	-20.088391818877803	-4.091220959266515	5.907612749537433	12.2057618910824	6.620483256489239
TCGA-CV-7407-01A-11R-2081-07	-0.8133851403609829	-4.831619129901442	-2.3429886689011497	1.3388557718526795	-6.311851356788016	-9.230628822021758
TCGA-CV-7410-01A-21R-2081-07	-10.725503903629242	-1.40826250552158	5.19621694029343	8.203994934961559	-7.003405036700338	-3.316248643909234
TCGA-CV-7411-01A-11R-2081-07	-11.219341435115904	24.55691465505474	-10.932350816785458	2.7050213398448393	9.860737389619732	-7.311337152710097
TCGA-CV-7413-01A-11R-2081-07	-5.060228691634173	9.622356880075873	7.001752733008264	4.535502282626544	3.5521626720862898	-10.005026931263165
TCGA-CV-7414-01A-11R-2081-07	-5.139077213965385	-11.779387451603341	-1.1522993326263666	0.2515335054266373	3.475189691575239	-4.634119326679306
TCGA-CV-7415-01A-11R-2081-07	-5.649299154956363	6.458278772196171	13.691745752000422	4.601400833430258	-1.8780036552344415	-12.23209035032738
TCGA-CV-7416-01A-11R-2081-07	-22.542518433031525	1.255984382790516	7.709134978677982	-12.21512506973747	-4.41217102228207	-5.891761153656362
TCGA-CV-7418-01A-11R-2081-07	3.630289198808547	-20.184082341533728	-9.189538310858682	-8.5418303384995	1.693332672078845	-0.5219266755445273
TCGA-CV-7421-01A-11R-2081-07	0.3927529599047449	-8.523626214903938	9.152268912940139	-6.1525085438767375	10.807397057356795	-15.615085695095875
TCGA-CV-7422-01A-21R-2081-07	-5.564242900741647	-12.579710188712824	-11.439319784753446	-5.054628126404983	0.2411702697493091	-0.5725503505288956
TCGA-CV-7423-01A-11R-2081-07	-20.542194142526373	20.18040263663538	1.5341912914339313	-10.102898071152117	-0.9084399941178504	1.2515940443742848
TCGA-CV-7424-01A-11R-2081-07	3.847714200731397	-24.278895603794034	3.664604050852635	-8.537624774185593	10.42166536563718	-8.726079805124392
TCGA-CV-7425-01A-11R-2081-07	-7.383440263645983	16.229032881429042	-13.056884819116801	4.172195322658434	-7.163810781786342	8.088162311819241
TCGA-CV-7427-01A-11R-2081-07	-14.940504494084296	14.856029542547043	-12.731548228710489	12.51233502728327	-11.687823085987239	5.059372583287238
TCGA-CV-7429-01A-11R-2132-07	3.3872828189536524	-13.811999105215806	24.52523073846171	-16.548904281470524	-7.244012419930184	7.1033262632496585
TCGA-CV-7430-01A-11R-2132-07	-9.14820915601182	5.636664799623033	-25.057535832715864	-12.941623890234606	2.5642026763413495	-3.1284354145274174
TCGA-CV-7432-01A-11R-2132-07	3.8957314158196663	11.931378405110191	-4.550590965638856	-14.50037631651101	-14.122447660310268	0.5420342499137004
TCGA-CV-7433-01A-11R-2132-07	-6.811014959653513	6.565612911841723	16.17580799074434	8.691652364195376	1.287923816647117	-14.117271258177425
TCGA-CV-7434-01A-11R-2132-07	-6.891580277021502	14.122093344101817	2.293002803525357	-7.39190995245937	-20.847328135661158	-1.1266496752850472
TCGA-CV-7435-01A-11R-2132-07	-20.143150990222377	-6.598578577449875	7.461324065162683	0.49190621193584183	7.823082782070168	-4.653478790642375
TCGA-CV-7437-01A-21R-2132-07	3.3060983478955404	-12.269608105747729	-4.605113601990569	-16.811906763800568	1.4426078093801762	-11.247924278812484
TCGA-CV-7438-01A-21R-2132-07	-7.614251882482523	0.5589384031867406	18.394410391869286	3.6740719073511863	-1.0389698075035296	7.153955939067044
TCGA-CV-7440-01A-11R-2132-07	-2.957513319016179	-3.9658016331000168	3.4266098152546456	-15.712180840782318	-14.94644085576948	2.6431635399206503
TCGA-CV-7446-01A-11R-2232-07	-23.45624740209496	-19.91336808272379	-19.098123792100605	-8.730469137450562	0.8302006362460006	4.947025473909626
TCGA-CV-7568-01A-11R-2232-07	-22.242471706332704	-4.485866756398515	8.390824534569587	-5.689253968412779	0.19457814538449586	13.254248405167775
TCGA-CV-A45O-01A-21R-A24H-07	-13.962552630216656	29.316232294850803	-25.759751642089974	17.584803744627106	5.739998582841362	0.6046552223170125
TCGA-CV-A45P-01A-11R-A24H-07	-4.524229887693182	24.239382211103845	-15.380882078703197	4.342110739145701	5.206384781356293	9.438615249109292
TCGA-CV-A45Q-01A-11R-A24H-07	54.3360758834243	36.497124093974335	3.814485129790153	6.5728352494858795	8.108298685950395	6.076755447325346
TCGA-CV-A45R-01A-11R-A24H-07	-8.527707439147035	6.854619661328543	1.4094266502155475	13.313400424041385	9.288282645084633	1.7045541403595552
TCGA-CV-A45T-01A-11R-A24H-07	7.550863669376587	12.838625912620884	6.687887722956921	13.894295842389294	3.4128502822341065	9.111073273515602
TCGA-CV-A45U-01A-12R-A24H-07	-0.028153094646864666	-7.574593175737614	-6.734342969438272	-4.617497735086501	-0.4292148308818815	-4.949994107137815
TCGA-CV-A45V-01A-21R-A24Z-07	-4.949028887369471	13.719977152611005	-15.030013141057383	11.09650010680656	8.060659668272125	-1.88395266327803
TCGA-CV-A45W-01A-11R-A24Z-07	11.014708579610236	-21.165799404972386	-7.3932863259207275	0.08160910361646895	6.5757085221602	-4.891992334680445
TCGA-CV-A45X-01A-21R-A24Z-07	-6.8092373751343	17.42187821748195	-17.29374774851628	-3.3332818801489097	1.813213732013739	0.5329234471607597
TCGA-CV-A45Y-01A-11R-A24Z-07	-2.8482700151069773	-2.667954279257135	9.812835519331415	5.923191726833493	7.672932582562355	-14.401758158828796
TCGA-CV-A45Z-01A-21R-A24Z-07	8.555456891192414	-8.9798924230498	-10.495603488897048	-0.8199500756410886	4.993958106307867	-5.074863013721509
TCGA-CV-A460-01A-21R-A24Z-07	0.9692199773309739	-16.428693212928668	0.7228080201228633	7.749023298938837	-4.5546637870624	-10.755780188165465
TCGA-CV-A461-01A-41R-A266-07	7.329764191791375	-8.553108958786733	-5.205968158217585	13.195859836788877	1.0800655310760814	-5.036949720644502
TCGA-CV-A463-01A-11R-A266-07	-0.6485820629537057	19.370718696141687	-17.025726927092546	0.2592200730994618	-7.621536219844586	9.1123838984457
TCGA-CV-A464-01A-11R-A266-07	-6.2306684757546495	2.456388285034429	20.94017386495132	6.608285300995164	5.539136824917009	6.263510271043034
TCGA-CV-A465-01A-11R-A266-07	-5.149528649487696	23.343236164992184	-9.411831656190547	-6.656004057654913	5.758725222988438	11.85951613663897
TCGA-CV-A468-01A-11R-A266-07	-0.3836101668367773	6.435477489644556	3.723297422588147	18.799918124482705	8.646830215684405	4.754669930275345
TCGA-CV-A6JD-01A-11R-A31N-07	19.085219068072174	3.864333703917215	24.439566910415536	3.447006803687673	-11.623417853659573	-7.547422930788532
TCGA-CV-A6JE-01A-11R-A31N-07	40.82967527584549	13.324450238993368	20.899439795426147	3.0725397201941393	1.1894840519212255	-10.260318578531832
TCGA-CV-A6JM-01A-11R-A31N-07	52.99692486849349	17.918090976996442	10.89869557499371	-4.428389967741949	14.995559958398053	-5.480371754664659
TCGA-CV-A6JN-01A-11R-A31N-07	36.708494983092315	32.92494069614649	8.13843613256617	3.8325514466716273	1.5755248060302023	-1.5787112629390716
TCGA-CV-A6JO-01B-11R-A34R-07	4.266117139645922	21.433878994569362	0.8175681327253379	4.796832863941391	-11.388001287689939	-3.9923849412777748
TCGA-CV-A6JT-01A-11R-A31N-07	16.4372462265022	26.20338304638971	20.497745059570885	16.327056807970195	19.402084464636605	-3.3173601867273357
TCGA-CV-A6JU-01A-11R-A31N-07	38.673170759061726	-3.8419866277784913	13.630226101917698	6.231663591709135	19.601777920350024	4.682374089272126
TCGA-CV-A6JY-01A-11R-A31N-07	-2.740404557596858	16.711651861295735	-28.041670064505173	-1.8803310805207016	6.935763449339407	8.02699039128207
TCGA-CV-A6JZ-01A-11R-A31N-07	7.863449662143801	1.9191349518688616	10.697165403632493	7.764344498077208	-11.529029075233185	-5.100325891548334
TCGA-CV-A6K0-01B-21R-A31N-07	-9.85833157899881	-3.4719951021395024	6.6365926235208645	12.893797772276551	6.406496068803903	10.887468778590762
TCGA-CV-A6K1-01A-11R-A31N-07	43.15127487461995	20.14063060598842	0.4490390907537086	2.5533011860098838	0.7097384721937117	1.4947875627012897
TCGA-CV-A6K2-01A-11R-A31N-07	1.3034815382637701	11.888319241268206	-7.216549073803828	1.7913044876338964	-5.928860005634285	-6.658378181354739
TCGA-CX-7082-01A-11R-2016-07	-1.683309032686861	-14.516404577181667	-4.153862903700053	-5.406609216019344	7.201908620914874	4.9253098198177865
TCGA-CX-7085-01A-21R-2016-07	-27.259814965912074	4.824146304738129	5.244678746247154	18.850711522511567	10.210514115577348	4.695928849903309
TCGA-CX-7086-01A-11R-2081-07	-9.925262885307566	7.645854966041457	-25.40529116069072	-5.5171665652017925	-3.850333927099781	1.7093963444842715
TCGA-CX-7219-01A-11R-2016-07	-16.879405765637653	0.09323216875374925	-0.42411589209643913	0.6747842743390744	-3.557970460594205	-3.466748738341444
TCGA-CX-A4AQ-01A-11R-A24Z-07	29.51904287000926	-20.755572066480514	15.761311646242943	9.428947424093392	-2.7144148157035324	-9.562177464397202
TCGA-D6-6515-01A-21R-1873-07	-13.499967716589586	-4.709800219008975	12.566947287390391	16.394571856935382	-5.148698313145452	-0.7341260424426955
TCGA-D6-6516-01A-11R-1873-07	-7.1386245362736265	16.63937761258979	-9.786082807860154	5.075578458870173	-7.297213006599889	-1.8010326812786988
TCGA-D6-6517-01A-11R-1873-07	-7.348956006347152	6.9129059931496935	8.680672178570635	-11.263522624690836	-8.713328127673734	-8.443302481828631
TCGA-D6-6823-01A-11R-1915-07	-4.2040731101942965	2.2987181022708327	-2.5232231698729777	-15.42859508208232	-4.584224661501703	2.6859762910207348
TCGA-D6-6824-01A-11R-1915-07	-16.68562218154405	-15.232301954072879	2.2727583113915113	11.54148937408709	2.1642698052302562	-6.836587121373896
TCGA-D6-6825-01A-21R-1915-07	-23.236987191277535	6.037618423233408	1.7111944504634222	9.708267970038781	-4.321951365342344	5.325324923477938
TCGA-D6-6826-01A-11R-1915-07	-25.804282409185905	-1.8935721770489589	3.3809595911430015	-0.38216338668418115	-7.591547525984584	-3.85343567444543
TCGA-D6-6827-01A-11R-1915-07	11.534989450477765	-29.196188234622113	-6.9222499156384405	-0.8378571518766279	-0.9152659489751619	9.223754507325427
TCGA-D6-8568-01A-11R-2403-07	-11.273427212088437	-0.20793020489304606	8.278461992803516	-0.9755609412883653	4.232348784264133	1.0959893490210915
TCGA-D6-8569-01A-11R-2403-07	-13.429348547136126	6.227849148529313	2.4850536798914655	0.5875279773170975	-8.23110461625924	5.566056467584095
TCGA-D6-A4Z9-01A-11R-A24Z-07	-8.413262453530104	9.29708223210236	-0.7965239495181587	-2.4516497275335105	-4.899855245329485	6.443742660417763
TCGA-D6-A4ZB-01A-11R-A24Z-07	2.014241705411913	6.276122673148027	-6.534549959061981	-1.1304319519911603	9.537350864906623	-9.595912913040141
TCGA-D6-A6EK-01A-11R-A31N-07	39.279685115998404	30.424816366006898	-6.1330761517051	13.950922759997397	9.307058922114244	-2.732536792725468
TCGA-D6-A6EM-01A-21R-A31N-07	43.00282856892321	8.22157843297376	22.269957594038114	12.578406136276683	-3.3156931190963275	15.183113241563099
TCGA-D6-A6EN-01A-11R-A31N-07	50.68971190915341	13.724023060847916	14.52283624544766	8.643824435831233	-14.879378008876364	-3.645390012079855
TCGA-D6-A6EO-01A-11R-A31N-07	-2.537132916522092	-6.802567614568579	-17.511175318716887	-9.595894840245425	2.0180613853678673	2.796692884420361
TCGA-D6-A6EP-01A-11R-A31N-07	51.46528577335061	-30.689192057621245	33.327538368468154	-5.483828949796941	11.033231129230538	1.943256500529976
TCGA-D6-A6EQ-01A-11R-A31N-07	28.610882073453315	19.59698131148325	15.503490465694933	1.3524193355338505	9.408018293569754	-12.215226792667048
TCGA-D6-A6ES-01A-12R-A31N-07	58.473005036930694	21.284400350567836	-3.015366380141817	0.7506731023230045	14.27146560212635	-7.706473009625336
TCGA-D6-A74Q-01A-11R-A34R-07	12.443116442142838	-0.5627922605054917	-6.589469846536893	-0.4052181310985382	5.589573727151109	-3.6833035088009964
TCGA-DQ-5624-01A-01R-1873-07	-16.165512040070574	11.36669989933311	12.552038528489394	0.1458739324369486	6.246925525433227	-1.5470986310051986
TCGA-DQ-5625-01A-01R-1873-07	-7.331640209070876	10.292255725530639	10.847479021516193	14.821440300806904	-0.49707681775331325	15.963971124774808
TCGA-DQ-5629-01A-01R-1873-07	-2.2390379669409586	-13.853843239160476	-10.639150545356728	-21.843969395834435	2.897967060921801	-7.631413709379423
TCGA-DQ-5630-01A-01R-1873-07	-1.868229309438663	9.611646898005521	13.96173716909073	13.102911012785595	3.821912679751357	1.8585697709860518
TCGA-DQ-5631-01A-01R-1873-07	-18.870422925726142	-4.7819851882376785	19.535093418450057	-15.75247561617457	-7.5110223041492885	1.1632443366954073
TCGA-DQ-7588-01A-11R-2081-07	10.041247859575854	13.552964267332175	-4.855789195221538	-34.5841275742287	-12.382221005314534	5.531294320815572
TCGA-DQ-7591-01A-11R-2081-07	9.932395811745632	-32.48924255679176	-10.604506675532186	3.628591071411738	-15.546921100528593	5.3382091735197505
TCGA-DQ-7592-01A-11R-2081-07	-17.21239962536328	5.113158384420514	6.2447610523884185	-0.2002947509290296	-1.8079343089067783	4.062509459271808
TCGA-DQ-7593-01A-11R-2232-07	7.42992263340773	-16.702154714841793	-19.42611332664338	17.66015045553985	-4.901427816624424	5.753557596494387
TCGA-DQ-7596-01A-11R-2232-07	-1.2633251332850386	-9.694164091514272	-30.412441728815082	9.241553820434946	-5.152628658221692	2.4227072869849136
TCGA-F7-7848-01A-11R-2132-07	-13.980938774290289	-13.520381351190224	-16.41816024908743	-1.037254892210103	6.643066370735905	-6.017322517469366
TCGA-F7-8298-01A-11R-2403-07	-7.52927105406045	-5.552289265973239	12.904202423854741	-9.17389317800579	-7.581413673055065	-4.203666967337278
TCGA-F7-8489-01A-31R-2403-07	-14.632161536774337	4.538388927344466	3.584893824925498	6.273856235360881	-8.79458531799046	-10.162932866309582
TCGA-F7-A50G-01A-11R-A266-07	-10.66977707085771	15.906455023310633	-9.376971210734881	12.486320861777896	2.202723413328792	6.5751743643274025
TCGA-F7-A50I-01A-11R-A28V-07	1.2722056074322006	6.470030724950052	-1.248816362414617	-3.0173770914314284	1.2009437061069341	-10.570428755966661
TCGA-F7-A50J-01A-21R-A28V-07	4.194439553530735	22.50602235414993	1.5333879886526645	-2.5588331887843436	2.1199432511817093	0.263616025136735
TCGA-F7-A61S-01A-11R-A28V-07	10.733858861563176	18.88314606531382	3.2869018661361458	3.8700998685988117	-11.60562593241942	-0.7352560183382801
TCGA-F7-A61V-01A-11R-A28V-07	12.4883405618964	5.782130104262598	-13.776477707234871	-2.0096618629185126	14.508656108380077	11.719633990177345
TCGA-F7-A61W-01A-11R-A28V-07	0.8329001510876788	10.342252115383543	7.365661288193628	-15.012254453747623	-5.866071307707849	11.819090896504552
TCGA-F7-A620-01A-11R-A28V-07	9.986556398672612	15.625160149243452	4.299066361706187	12.51082169561916	-5.767859492931618	9.806345901757712
TCGA-F7-A622-01A-11R-A28V-07	20.728378863074727	24.83909411232714	-5.81477622035535	-3.5344051963755323	2.2174082681930214	6.9997733029859015
TCGA-F7-A623-01A-11R-A28V-07	-2.1125724551365543	4.610412500380945	-12.92150102238907	-0.21930253546870765	-3.6103092336711957	2.08785844625308
TCGA-F7-A624-01A-22R-A30B-07	55.941689260255835	-26.271520115100927	30.495091182628716	-7.568039916041481	-28.00308282236065	18.28816157903048
TCGA-H7-7774-01A-21R-2081-07	-5.488184872047986	15.385508963006787	-29.305157034586987	10.681475510046882	4.1040888941352565	0.7489924538198924
TCGA-H7-8501-01A-11R-2403-07	15.986232349417373	6.972597654034017	14.926664136916429	1.2922824390703562	-20.328211680565428	5.977564623927099
TCGA-H7-A6C4-01A-11R-A30B-07	-7.634453152126492	22.028054159257273	4.19401987035317	9.396191047582237	11.906136623920062	11.3182762504587
TCGA-H7-A76A-01A-51R-A34R-07	17.26866372204004	-8.722126904901407	4.897271503890901	22.152258764667735	3.407014777647224	-15.29299407039012
TCGA-HD-7229-01A-11R-2016-07	-16.81832179094064	12.848769842724883	0.7102271756284496	0.5787532376220779	-18.808238041263504	-6.32484722569255
TCGA-HD-7753-01A-11R-2081-07	-16.768452222051835	5.641926990671257	13.358028938893753	-11.656900863175752	-5.264774021669434	-5.074642526036843
TCGA-HD-7754-01A-11R-2081-07	-18.792725322359736	-25.27843831789625	-17.24313944327963	1.5595943594411936	6.777035768043849	-6.784194276775474
TCGA-HD-7831-01A-11R-2132-07	-20.695002581783132	-10.54114710061958	27.972338959252845	-5.240992817194367	8.737417007246828	-4.718251085186121
TCGA-HD-7832-01A-11R-2132-07	-3.7057511411636854	7.783116524812116	-2.8472356507236367	-1.7361875947214769	-23.924486044139933	0.5318305566857645
TCGA-HD-8224-01A-11R-2403-07	-18.209375258682286	-20.37877391158072	-2.5966403575188504	9.88230254802784	10.980478484879905	16.418154357386317
TCGA-HD-8314-01A-11R-2403-07	-7.719777446185356	-24.995443820737307	-12.46548103313461	16.955934197122545	12.761937161021493	12.991231564899607
TCGA-HD-8634-01A-11R-2403-07	-10.093988048868717	20.941621553229826	-13.214697482594714	3.948901038816817	-3.185922690694859	9.430301227987913
TCGA-HD-8635-01A-11R-2403-07	-17.125909980341653	1.3255675718781044	12.311022587155719	1.5267739834471101	5.112556491340597	10.71056358242606
TCGA-HD-A4C1-01A-11R-A24H-07	-12.399476385505455	10.042782159003231	-11.579710564019123	-5.163044194902141	-8.381964299953728	4.3067788332204024
TCGA-HD-A633-01A-11R-A28V-07	9.344919702321054	12.369068574127349	1.670245986045674	-13.908992408579836	-7.547353699167246	-2.29543176243358
TCGA-HD-A634-01A-11R-A28V-07	58.35477907318919	-47.252141295220845	-0.6221789028365619	-22.349702081750813	-8.066744594821504	31.234712661755403
TCGA-HD-A6HZ-01A-12R-A31N-07	-11.30895023619837	-2.878687699569169	2.674039268995441	5.193887049952086	4.85632509598632	7.381121736205019
TCGA-HD-A6I0-01A-11R-A31N-07	48.17518798995768	30.345316947149566	7.2490449617298545	4.933918963263789	0.755845905103781	-0.6446863033747819
TCGA-IQ-7630-01A-11R-2081-07	-4.982996575254279	12.121190239106834	8.287770522465703	-2.888632617401084	-13.56013276304855	-1.6750910375409653
TCGA-IQ-7631-01A-11R-2081-07	14.073421012118514	-13.071736626591697	14.369604532248434	0.7786576627538633	18.555689116474746	-7.029047167266187
TCGA-IQ-7632-01A-11R-2081-07	-2.195912360109584	16.909412288840134	-16.94279252555712	-3.8913776768933013	-0.26944941971101655	-1.3227979470296083
TCGA-IQ-A61E-01A-22R-A30B-07	0.4807044881479417	13.99407030068992	12.217101098969335	-6.5181893055557865	-13.23255942547801	2.7531305026849076
TCGA-IQ-A61G-01A-11R-A30B-07	24.320285100999744	10.31915219791428	-7.595658063292959	-16.239959317701935	-11.184939705607013	1.9022169453210964
TCGA-IQ-A61H-01A-11R-A30B-07	-1.7347040061414754	-13.954760400726098	-6.742745649962617	-9.948300667173944	8.560936474133088	8.648423777345073
TCGA-IQ-A61I-01A-11R-A30B-07	33.92111893320998	-13.743323866790291	-12.08164898519812	20.211235995040628	-3.77862504197789	0.8315515308733445
TCGA-IQ-A61J-01A-11R-A30B-07	-16.045238813161745	8.886225230532503	3.4568692239521837	11.720821024397564	11.690651035722597	6.526989479780914
TCGA-IQ-A61O-01A-11R-A30B-07	6.128844764864642	-21.456163741057498	48.34113309539134	-8.126235337909595	2.6239057488146815	-7.940161083492291
TCGA-IQ-A6SG-01A-12R-A34R-07	-0.11926997447418287	1.3894833690327135	-11.77836078835508	-14.806927000887464	2.8650044555718885	-4.774934233457768
TCGA-IQ-A6SH-01A-12R-A34R-07	16.0429654940664	18.343498314450876	7.394474774881942	-1.2659417109127256	-1.1273048312982563	-8.857564436290607
TCGA-KU-A66S-01A-21R-A30B-07	26.068410102621804	-23.002897746082795	-3.6347960915792403	-7.756457298384435	6.407468260345743	9.527756469946793
TCGA-KU-A66T-01A-11R-A30B-07	-1.5978444879214162	6.315073936020012	-8.853189810301908	-18.250916539591984	-1.5273222363322392	-3.8737098247409953
TCGA-KU-A6H7-01A-11R-A31N-07	24.960978518192213	-6.108606777993993	-5.699030003590646	14.310874754195725	-13.561092575292454	-6.894415032328221
TCGA-KU-A6H7-06A-21R-A31N-07	60.98647754001191	-9.237345122379098	-0.7537413486881345	15.547420712716884	-2.9892134858836807	-7.097621270962366
TCGA-KU-A6H8-01A-21R-A34R-07	7.429816273173376	-8.530533396053508	-2.771638140573398	18.0169673804783	21.020908098389818	28.462413236542606
TCGA-MT-A51W-01A-21R-A266-07	-2.4432422381015817	23.073985807870184	-10.777249250935366	3.737480795185839	-5.75033751976818	-4.902738953244728
TCGA-MT-A51X-01A-11R-A266-07	-6.917406422810523	19.27343968350803	-1.0493503757560239	-1.7875883763035196	9.189604073665425	7.787751815214627
TCGA-MT-A67A-01A-11R-A30B-07	26.23233890336469	16.492025742040887	-14.585151647118535	4.28397179967586	9.66566914840132	9.797705108631503
TCGA-MT-A67D-01A-31R-A30B-07	5.823144174156108	11.489185730999992	-0.7950739582408166	0.9197951615784581	5.871740194663314	-6.136620746920127
TCGA-MT-A67F-01A-11R-A30B-07	2.7979884080067063	21.28969235065099	-4.88302690020169	14.166319612427747	-10.247510438804827	-2.0210359637490156
TCGA-MT-A7BN-01A-12R-A34R-07	54.002105155283076	-8.637778294338785	26.460702507928552	5.7794648739640495	13.009347820060187	-13.527695755628999
TCGA-MZ-A5BI-01A-31R-A34R-07	22.290367757310783	-9.123546430297997	-2.3774586356749605	15.494400969870501	-0.042000053206557246	-5.907763878958121
TCGA-MZ-A6I9-01A-11R-A31N-07	26.46404603998972	-8.31649231899596	-20.57281050763357	7.787537430264016	10.954756200152833	0.46847907552059836
TCGA-MZ-A7D7-01A-21R-A34R-07	26.47119978625292	13.079911380290952	-13.163789566078195	-17.25622289109593	4.557186030298366	8.446828981702886
TCGA-P3-A5Q5-01A-11R-A28V-07	26.428148547146343	-13.385288275716976	-12.794962964196365	14.864195774535846	-2.514559931184495	6.845260463060347
TCGA-P3-A5Q6-01A-11R-A28V-07	19.722043178611543	6.701619411409235	15.702047908745195	-13.337779071575586	7.210332180609252	-7.67960754646205
TCGA-P3-A5QA-01A-11R-A28V-07	-4.2850867340843175	-4.67182637942661	33.5962734845261	-17.193001958969784	-3.723445172732269	6.144927493900115
TCGA-P3-A5QE-01A-11R-A28V-07	0.28863806546112686	-20.711033077201407	-18.979004317081536	13.539680932831196	-15.672998889062505	5.132390157570009
TCGA-P3-A5QF-01A-11R-A28V-07	15.28087265198736	-1.6611683027754436	-28.03852198441589	2.472289341277842	-1.0455056122751516	3.3975534602672957
TCGA-P3-A6SW-01A-11R-A34R-07	19.158351354785054	-15.758839838426246	-10.824639830089112	6.688178102201893	-6.306249863353501	-1.7576020214272035
TCGA-P3-A6SX-01A-11R-A34R-07	1.8091524370743957	9.055433006287444	8.85184862335556	-12.213471930589382	1.337591189572604	7.355897780453371
TCGA-P3-A6T0-01A-12R-A34R-07	-10.418701342876517	6.635770284222852	8.336021476219727	-23.294867333241918	-7.417767722031245	-5.029002244884674
TCGA-P3-A6T2-01A-11R-A34R-07	3.5505751386851303	10.285141830832156	7.70259933979154	-12.507614630366865	-18.512213815271476	10.03003478509049
TCGA-P3-A6T3-01A-11R-A34R-07	-5.275678102551284	22.333554293228623	3.0084711212982023	-18.577641766595065	-3.744023199249946	0.026854220392670117
TCGA-P3-A6T4-01A-11R-A34R-07	-4.768675344975292	10.787904130788695	-11.549745512983865	-2.0251599480516496	3.328213569189348	-1.9348944629736167
TCGA-P3-A6T5-01A-11R-A34R-07	8.441717678512054	16.677676925433264	4.373041724231281	-0.21920131454431424	4.757290604189711	-9.864417876709519
TCGA-P3-A6T6-01A-11R-A34R-07	34.1813242015738	-10.287708247050757	-17.131079823292904	-0.25431944890793906	0.058629257902411594	3.19179667459629
TCGA-P3-A6T7-01A-11R-A34R-07	2.4344627438378907	20.386188662719924	-3.5231028826518553	0.6185361084198677	-2.66350382056338	-7.044588211932797
TCGA-P3-A6T8-01A-11R-A34R-07	-9.13300007836134	-2.3024510132691427	22.03356278590318	-9.445354003138492	7.162135302847228	-1.3453185117144477
TCGA-QK-A64Z-01A-11R-A30B-07	-3.576244575682052	6.104792665310308	5.5705362916194705	-5.698419417671942	-12.814036319369366	-5.685529765306644
TCGA-QK-A652-01A-11R-A30B-07	-9.697420988786929	11.840629422588764	4.748150863345559	13.078064667580387	10.72674892195091	11.612301074910782
TCGA-QK-A6IF-01A-11R-A31N-07	9.479087080315168	-32.34262217723024	-3.734951386694803	13.075377120776647	-7.602580875235645	9.308156403810854
TCGA-QK-A6IG-01A-11R-A31N-07	25.153187059235208	1.1407722721949318	21.555553898698133	-7.4266396840169095	-11.803955953967298	8.632184126412884
TCGA-QK-A6IH-01A-11R-A31N-07	27.936719673356254	23.957181789517563	10.86539563401354	-7.900756853909939	6.239161080255301	-8.110009183542331
TCGA-QK-A6II-01A-11R-A31N-07	35.803424407519074	36.83631732251505	-1.2891111658944097	6.865123775735906	6.120941767878184	3.894344837115689
TCGA-QK-A6IJ-01A-11R-A31N-07	42.41083631816933	24.975198268301813	2.0587659855816143	11.575140492722369	8.581395792159155	-8.809807263381371
TCGA-QK-A6V9-01A-11R-A34R-07	8.134979032669778	-22.25516314354714	-23.207626466690037	11.463926974807347	-12.131457952035875	0.5986021499074939
TCGA-QK-A6VB-01A-12R-A34R-07	3.939543553032131	-12.171176207442118	-16.51298734316366	-12.45730043568877	6.141608231626593	4.11433539125461
TCGA-QK-A6VC-01A-23R-A34R-07	9.103162744990454	2.3115350389121048	-12.519910272785655	11.2747277726204	-1.4019893499513685	-10.115901456362018
TCGA-QK-A8Z7-01A-11R-A39I-07	12.629557842049556	-21.888566492895972	-16.336683693429784	-14.331324481135262	11.477135599354067	4.82394469214246
TCGA-QK-A8Z8-01A-11R-A39I-07	-4.5912215446693905	-9.024133159759721	-22.773080677206693	-0.9312889015954605	3.8310344924202053	-2.562133752090901
TCGA-QK-A8Z9-01B-11R-A39I-07	-12.322893347500505	-6.312990144459364	20.104871210816185	0.4810617379957656	2.445270512241882	-3.9924577725033497
TCGA-QK-A8ZA-01A-11R-A39I-07	4.469951943356277	-10.514000332973076	-19.20977920461531	-18.49020225983481	-0.4850681825739798	3.160804419308618
TCGA-QK-A8ZB-01A-11R-A39I-07	-11.776248089902465	7.983707528751671	-5.419586843614082	-2.197494640336141	8.256358325057239	-6.495407199925143
TCGA-QK-AA3J-01A-11R-A39I-07	-0.3882548849559523	-14.217052528578536	-22.577728861287817	4.631934502435148	0.9336060857803765	3.559662678794652
TCGA-QK-AA3K-01A-11R-A39I-07	20.676768333024473	-24.12368423396246	38.41297074130972	-8.393697566012348	-7.223864655720434	-3.277274071129733
TCGA-RS-A6TO-01A-32R-A34R-07	7.393688548579308	8.390953371551571	10.242633165869849	2.4526755256640476	-1.5496972871161794	-4.176238988190957
TCGA-RS-A6TP-01A-12R-A34R-07	8.573854407594537	-5.255207998357999	-16.465020052964743	4.237969944808407	-22.804124036671908	2.78751653540134
TCGA-T2-A6WX-01A-12R-A34R-07	17.922620349852146	7.735922161717584	9.271653198655875	4.273383764600236	-22.059125721231442	-1.290660636067336
TCGA-T2-A6WZ-01A-21R-A34R-07	40.11610232959182	14.315979492224457	8.21801764078887	1.39119464084313	8.697077708994039	-2.00458933610787
TCGA-T2-A6X0-01A-11R-A34R-07	1.903052169000919	-25.506031064334532	-13.94810498193356	-0.2750702184918016	-9.578803436565535	-2.516816273260243
TCGA-T2-A6X2-01A-12R-A34R-07	-3.010405143312172	15.969765993904312	1.7418856671219802	2.5472454461993994	-9.256068191091284	2.469158694792642
TCGA-T3-A92M-01A-31R-A39I-07	4.467190266889465	-10.081194524395688	12.168723654835794	-2.2832106637916336	-7.610956809288255	-6.234994062864534
TCGA-T3-A92N-01A-11R-A39I-07	12.680872791081303	2.714743771989529	-4.0397461886637185	-7.997487423287562	-13.659730369838927	0.1420979690664307
TCGA-TN-A7HI-01A-11R-A34R-07	58.52028037311595	-19.211335519680713	7.6519177856303795	2.9516630043943777	5.175391306301844	-0.7832579209699756
TCGA-TN-A7HJ-01A-12R-A34R-07	9.084480341229563	13.78995009961516	-14.488790956902843	1.0636175808983868	3.904630482242004	-4.537053362419957
TCGA-TN-A7HL-01A-11R-A34R-07	39.637631323996246	-2.0918842575356242	-4.023681666040402	15.333338477188555	-6.7102394273957575	-7.2832482589354735
TCGA-UF-A718-01A-22R-A34R-07	-2.948088472484653	5.2903387962076485	4.071443448465949	-2.3208750112304792	5.655746220394511	-13.6128047409969
TCGA-UF-A719-01A-12R-A34R-07	-3.8110828085381083	-4.788972689826873	-27.259558669082878	1.9109691818126804	-1.0577381675765571	1.1821411657631198
TCGA-UF-A71A-01A-22R-A34R-07	6.241755146919542	-14.6142875111477	4.010322838309041	-8.886678638707636	23.238512294617326	3.0408601923662735
TCGA-UF-A71A-06A-11R-A39I-07	12.900512489492838	-14.67716869890899	-4.930569002832468	-16.326408923340818	16.66139288138748	1.4362207648564649
TCGA-UF-A71B-01A-12R-A34R-07	3.3846713798551433	-1.6723179463554545	0.12452645149012692	-10.599128798089623	2.880620259301219	-8.720018393482386
TCGA-UF-A71D-01A-12R-A34R-07	1.7077232520225432	0.5289634865739761	-29.2733658715104	-6.555508424942523	5.02029706606884	2.672878067392939
TCGA-UF-A71E-01A-31R-A34R-07	7.297686134291167	-0.5395164013767034	-19.56866746584279	-6.680342727880298	9.416066133404803	-7.925131115193941
TCGA-UF-A7J9-01A-12R-A34R-07	-6.775863668780709	-18.262579113808886	5.3918118681000555	-6.014905980036086	14.274813120509952	-4.251617303362304
TCGA-UF-A7JA-01A-12R-A34R-07	1.706102938299298	-8.118748850339939	5.601239146893237	-4.76672264814894	4.681802374473438	-9.224834707575846
TCGA-UF-A7JC-01A-21R-A34R-07	-11.933488953400758	20.181928795330474	-12.412619213953707	-9.49210626000116	-1.444410793372718	4.7827030828285695
TCGA-UF-A7JD-01A-11R-A34R-07	0.23377320481264993	-18.478609708208808	25.065530470837857	-6.656097379448102	8.026716473546802	4.279429122939478
TCGA-UF-A7JF-01A-11R-A34R-07	29.61599620976855	6.639101266698802	-8.615458649512387	2.7281720288363287	17.69016443624439	-16.137912132015945
TCGA-UF-A7JH-01A-21R-A34R-07	9.387389072117413	6.436736582694852	6.087407277033337	2.788631406363787	13.479146045006985	4.535232329224366
TCGA-UF-A7JJ-01A-11R-A34R-07	-6.494265693045564	2.030664786166327	8.987390610417402	11.579043250355044	7.253928786286514	-11.877166360651486
TCGA-UF-A7JK-01A-11R-A34R-07	-2.0380907679765805	8.915977193800789	0.8134858980893086	-15.210137112562295	2.2086321321813633	-3.826170565299041
TCGA-UF-A7JO-01A-11R-A34R-07	12.826161718489326	-2.124484628574303	-1.4132107489371608	4.2723680729554125	-3.9372469462219595	-4.147074923773749
TCGA-UF-A7JS-01A-11R-A34R-07	60.327459328966434	20.894279727667087	21.508710990409543	16.06346183244566	12.400338193826881	-2.435679926379258
TCGA-UF-A7JT-01A-11R-A34R-07	17.119353579282613	14.798406074676151	10.616341343358487	8.561534487371688	-8.675738591253438	-1.5890320966976546
TCGA-UF-A7JV-01A-11R-A34R-07	4.832855235136044	6.146692310791197	17.11703130145617	-3.7188173804230398	-12.693615082906106	-10.826375946195867
TCGA-UP-A6WW-01A-12R-A34R-07	31.21910928220928	-13.439876100862545	1.7672264244211713	14.62113709149628	0.07250651858244636	-9.669858735971353
TCGA-WA-A7GZ-01A-11R-A34R-07	-4.365690706303818	3.6659149909085533	2.443338104192627	-6.584478796418499	3.8820069267001065	2.8573168959223287
TCGA-WA-A7H4-01A-21R-A34R-07	-8.486217291187463	-9.591416829254046	14.437413282918978	1.0039889739421493	6.588000171396667	9.918199116972623
